Date,Time,WESTMEAD CO 1h average [ppb],WESTMEAD HUMID 1h average [%],WESTMEAD NEPH 1h average [bsp],WESTMEAD NO 1h average [ppb],WESTMEAD NO2 1h average [ppb],WESTMEAD NOX 1h average [ppb],WESTMEAD OZONE 1h average [ppb],WESTMEAD PM10 1h average [ug/m3],WESTMEAD SD1 1h average [degr],WESTMEAD SO2 1h average [ppb],WESTMEAD SOLAR 1h average [W/m2],WESTMEAD TEMP 1h average [degrC],WESTMEAD WDR 1h average [degr],WESTMEAD WSP 1h average [m/s]
16/04/2012,1:00,809.97,89.49,0.99,25.34,17.77,43.07,-0.30,40.56,24.88,0.01,9.59,16.39,7.76,0.45
16/04/2012,2:00,,88.93,1.13,,,,,34.91,52.62,,9.79,15.96,353.85,0.28
16/04/2012,3:00,604.78,86.32,0.81,16.00,14.94,30.85,0.01,24.59,61.96,0.61,8.37,15.65,5.30,0.37
16/04/2012,4:00,602.77,88.70,0.71,16.84,13.03,29.80,-0.29,28.17,35.10,0.65,8.74,14.62,7.64,0.51
16/04/2012,5:00,508.69,90.38,0.58,25.87,13.17,39.03,-0.29,20.62,37.12,0.89,9.92,14.38,359.28,0.51
16/04/2012,6:00,592.78,91.18,0.75,55.63,11.87,67.64,-0.26,28.03,29.36,1.50,8.49,13.97,356.80,0.36
16/04/2012,7:00,777.80,93.24,0.74,107.73,12.63,120.74,-0.25,34.31,31.30,2.10,34.53,13.64,342.85,0.43
16/04/2012,8:00,899.80,83.35,0.52,122.37,20.31,143.05,-0.02,33.45,34.67,3.10,152.14,15.86,318.39,0.57
16/04/2012,9:00,559.26,60.64,0.36,41.86,20.67,62.50,2.49,28.22,58.49,1.99,353.58,19.23,290.84,0.47
16/04/2012,10:00,367.71,51.44,0.27,17.74,19.10,36.71,7.33,25.42,96.05,1.27,329.14,20.61,115.00,0.05
16/04/2012,11:00,339.73,44.78,0.24,15.15,18.70,33.72,12.92,24.93,82.79,1.39,654.57,22.90,143.80,0.33
16/04/2012,12:00,320.15,42.18,0.20,11.57,17.97,29.39,16.38,22.68,62.18,1.53,671.50,24.11,161.01,0.82
16/04/2012,13:00,217.71,41.34,0.13,2.56,6.27,8.78,28.83,17.34,39.06,0.89,636.65,24.38,162.36,1.90
16/04/2012,14:00,163.85,40.80,0.10,0.43,3.49,3.88,32.08,14.00,37.91,0.31,518.46,23.91,161.60,2.12
16/04/2012,15:00,170.39,37.45,0.11,0.56,4.11,4.63,30.38,13.96,30.91,0.24,445.57,23.84,148.04,2.25
16/04/2012,16:00,183.45,38.97,0.11,0.85,5.36,6.15,28.83,18.44,30.17,0.19,322.02,23.54,150.65,2.18
16/04/2012,17:00,215.87,48.94,0.12,0.40,6.68,7.01,27.11,19.29,28.95,0.36,95.77,22.24,157.32,2.07
16/04/2012,18:00,286.73,58.63,0.15,0.34,12.90,13.10,20.85,19.65,31.17,0.29,12.79,20.87,168.46,1.43
16/04/2012,19:00,292.25,70.14,0.17,-0.40,15.69,15.12,14.99,17.82,27.83,0.54,6.43,19.57,198.71,0.82
16/04/2012,20:00,294.58,78.67,0.25,0.28,23.11,23.13,6.38,19.70,42.52,0.77,7.77,18.39,201.11,0.53
16/04/2012,21:00,293.28,78.73,0.22,-0.03,21.09,20.83,6.73,16.04,40.76,0.44,7.61,18.17,198.41,0.56
16/04/2012,22:00,320.41,77.52,0.21,-0.22,20.60,20.15,6.94,15.43,40.00,0.89,8.42,17.89,207.64,0.73
16/04/2012,23:00,260.19,76.54,0.21,-0.05,21.77,21.48,5.40,14.77,39.01,1.17,7.58,17.88,200.89,1.00
16/04/2012,24:00:00,215.64,76.61,0.27,-0.55,12.66,11.96,13.27,13.87,48.55,0.47,8.05,17.51,218.08,0.71
17/04/2012,1:00,158.32,75.71,0.20,-0.40,10.04,9.53,16.05,13.31,42.79,-0.17,8.21,17.25,221.55,0.73
17/04/2012,2:00,,75.15,0.19,,,,,12.79,41.59,,8.17,16.91,229.28,0.74
17/04/2012,3:00,128.32,75.95,0.19,-0.24,8.76,8.39,13.18,11.83,48.99,0.14,8.07,16.39,226.50,0.81
17/04/2012,4:00,133.97,73.58,0.19,-0.51,7.08,6.46,18.81,13.01,41.14,0.11,8.98,16.55,225.52,0.87
17/04/2012,5:00,134.25,73.98,0.21,-0.55,6.73,6.07,20.11,14.85,53.53,0.06,9.41,16.60,238.85,0.58
17/04/2012,6:00,159.75,74.45,0.24,-0.67,9.82,9.00,17.47,16.07,49.71,-0.09,8.56,16.91,239.64,0.56
17/04/2012,7:00,227.29,74.64,0.28,-0.31,17.71,17.13,11.30,19.53,49.21,0.18,10.50,17.32,221.63,0.98
17/04/2012,8:00,272.65,84.62,0.35,0.55,18.00,18.28,12.25,20.18,53.35,0.13,29.49,17.25,222.16,0.83
17/04/2012,9:00,271.82,87.47,0.34,1.03,15.24,16.04,14.33,18.92,50.60,0.18,45.39,17.43,195.71,0.96
17/04/2012,10:00,254.88,92.70,0.29,1.65,14.60,16.04,12.53,15.41,45.49,0.41,75.25,17.21,195.28,0.99
17/04/2012,11:00,215.98,92.47,0.20,3.78,12.02,15.65,13.02,11.88,113.47,0.00,252.70,18.37,336.14,0.46
17/04/2012,12:00,215.36,84.87,0.18,3.52,8.36,11.78,16.38,12.58,38.91,-0.04,292.34,19.76,1.06,2.76
17/04/2012,13:00,221.11,90.04,0.10,0.61,9.64,10.10,16.52,8.11,48.54,-0.07,52.25,18.13,40.13,2.72
17/04/2012,14:00,235.52,93.46,0.09,1.30,12.47,13.59,15.08,4.51,56.50,0.20,77.71,17.64,8.27,2.57
17/04/2012,15:00,289.20,93.69,0.15,3.86,17.28,20.90,8.98,10.29,46.15,0.12,83.96,18.08,8.60,3.22
17/04/2012,16:00,211.96,84.02,0.12,1.54,10.12,11.52,14.52,9.47,31.05,0.17,81.29,18.97,5.32,2.94
17/04/2012,17:00,287.92,87.77,0.07,1.62,16.04,17.42,10.53,8.47,77.64,-0.03,27.36,18.15,14.95,2.28
17/04/2012,18:00,380.17,93.02,0.08,3.25,19.41,22.38,5.40,7.24,49.35,0.30,11.92,17.38,140.31,1.10
17/04/2012,19:00,301.73,94.56,0.10,0.44,18.55,18.70,5.67,8.59,59.01,-0.09,11.12,17.20,189.64,0.44
17/04/2012,20:00,277.39,95.32,0.13,0.34,19.24,19.30,3.39,8.09,38.76,-0.03,11.05,17.15,190.20,0.72
17/04/2012,21:00,306.44,95.68,0.16,0.91,20.22,20.82,1.14,7.63,58.57,-0.04,11.18,17.17,174.61,0.31
17/04/2012,22:00,315.80,95.93,0.15,2.53,20.65,22.88,-0.03,7.12,58.17,-0.11,10.65,17.15,199.42,0.40
17/04/2012,23:00,293.57,96.25,0.11,5.81,19.06,24.62,0.84,4.92,81.93,-0.06,11.27,17.08,301.75,0.67
17/04/2012,24:00:00,202.18,96.33,0.04,0.95,15.32,16.04,3.31,6.23,62.71,-0.04,10.77,16.85,1.31,0.56
18/04/2012,1:00,239.01,96.39,0.07,0.23,15.41,15.41,1.38,5.05,82.27,0.24,10.34,16.59,159.76,0.12
18/04/2012,2:00,,96.61,0.12,,,,,4.10,82.58,,9.99,16.48,240.29,0.16
18/04/2012,3:00,250.89,96.85,0.10,3.22,17.58,20.61,0.63,7.21,90.28,0.27,11.16,16.86,240.11,0.12
18/04/2012,4:00,242.60,96.93,0.10,1.77,16.19,17.78,1.88,7.98,106.32,0.12,10.86,17.11,340.44,0.24
18/04/2012,5:00,218.43,96.95,0.16,1.55,15.30,16.67,2.96,8.08,54.10,0.22,10.25,17.12,311.93,0.58
18/04/2012,6:00,219.26,97.02,0.14,3.85,17.37,21.03,0.97,6.93,92.04,0.09,11.18,17.17,209.45,0.13
18/04/2012,7:00,391.45,97.10,0.18,42.85,19.07,62.01,-0.24,11.77,89.19,0.52,12.41,17.10,21.58,0.21
18/04/2012,8:00,301.46,95.70,0.10,16.58,13.93,30.46,8.79,8.77,75.75,0.24,19.81,17.26,83.86,1.20
18/04/2012,9:00,244.72,95.84,0.08,0.55,13.94,14.32,10.04,7.57,80.43,-0.04,26.66,17.21,227.76,0.15
18/04/2012,10:00,298.53,96.52,0.07,2.77,17.51,20.09,8.00,6.81,49.21,0.19,108.85,17.44,188.28,0.51
18/04/2012,11:00,357.02,95.94,0.10,14.92,19.13,33.92,8.32,7.90,35.55,1.40,263.66,18.50,187.63,1.02
18/04/2012,12:00,345.74,94.92,0.09,8.57,18.55,26.96,7.44,6.71,46.14,1.04,150.79,18.98,184.17,0.68
18/04/2012,13:00,403.80,94.24,0.14,13.23,20.89,33.96,4.91,7.93,41.70,0.53,117.71,19.35,169.10,0.99
18/04/2012,14:00,303.17,94.18,0.13,3.35,15.17,18.37,7.22,8.84,100.94,0.29,24.16,18.74,77.82,0.33
18/04/2012,15:00,246.53,96.56,0.04,0.50,8.35,8.74,18.04,3.58,76.67,-0.02,80.33,18.08,160.11,0.42
18/04/2012,16:00,293.02,96.85,0.08,3.03,13.54,16.42,8.88,4.65,90.31,0.02,32.39,18.41,45.38,0.65
18/04/2012,17:00,240.27,96.00,0.11,0.46,10.30,10.63,18.07,5.96,30.50,0.10,26.38,17.87,84.53,1.28
18/04/2012,18:00,401.74,95.94,0.10,1.39,17.99,19.17,9.15,7.45,70.86,0.24,11.81,17.73,120.76,0.45
18/04/2012,19:00,421.77,96.62,0.12,3.56,25.05,28.33,1.72,9.21,29.21,0.27,10.64,17.84,138.18,1.22
18/04/2012,20:00,296.34,96.84,0.09,1.32,17.37,18.49,7.86,7.08,21.09,0.74,11.04,17.82,120.66,1.50
18/04/2012,21:00,218.32,96.79,0.11,-0.21,12.30,11.93,15.05,7.01,25.06,0.17,11.53,17.79,146.42,1.01
18/04/2012,22:00,251.37,97.03,0.12,-0.22,15.11,14.70,10.92,8.30,15.02,0.26,10.68,17.99,130.63,1.26
18/04/2012,23:00,225.02,97.09,0.18,-0.17,14.21,13.86,10.89,6.37,48.40,0.17,11.02,17.88,169.49,0.44
18/04/2012,24:00:00,326.98,97.15,0.18,1.19,22.11,23.04,1.39,7.74,92.57,0.23,10.87,17.65,179.73,0.18
19/04/2012,1:00,375.45,97.22,0.16,3.65,21.29,24.71,-0.23,8.17,99.25,0.21,11.14,17.63,10.45,0.04
19/04/2012,2:00,,97.26,0.14,,,,,5.86,89.73,,11.11,17.61,39.48,0.09
19/04/2012,3:00,432.78,97.31,0.27,8.50,17.53,25.87,0.14,4.01,94.68,0.12,11.27,17.41,310.48,0.02
19/04/2012,4:00,474.45,97.36,0.16,14.06,16.33,30.30,-0.21,6.03,58.23,0.20,10.44,17.30,74.05,0.20
19/04/2012,5:00,468.44,97.38,0.17,18.65,14.88,33.50,-0.21,8.96,109.27,0.18,10.80,17.35,103.86,0.06
19/04/2012,6:00,441.21,97.40,0.17,26.07,14.46,40.58,-0.20,7.44,100.85,0.23,10.74,17.23,162.27,0.07
19/04/2012,7:00,370.01,97.45,0.14,13.24,14.21,27.38,-0.09,6.75,72.15,0.00,15.71,17.02,178.61,0.19
19/04/2012,8:00,478.19,97.57,0.26,24.77,15.39,40.18,1.55,11.82,80.96,0.14,146.76,18.00,89.39,0.15
19/04/2012,9:00,414.44,96.62,0.19,18.64,18.74,37.30,5.59,11.16,81.68,1.80,310.73,19.57,293.72,0.18
19/04/2012,10:00,353.40,88.73,0.19,9.62,18.87,28.31,8.55,10.48,50.85,1.82,196.61,20.24,318.86,0.64
19/04/2012,11:00,301.21,82.18,0.25,5.72,14.27,19.85,12.66,12.66,28.92,0.78,304.50,20.96,307.55,0.92
19/04/2012,12:00,248.38,77.51,0.25,4.30,8.22,12.45,17.50,8.67,33.63,1.12,660.76,22.03,315.37,1.30
19/04/2012,13:00,231.20,70.31,0.22,2.50,6.02,8.46,25.16,7.47,85.32,0.79,506.75,23.16,326.03,0.45
19/04/2012,14:00,256.24,82.66,0.21,0.68,5.03,5.65,23.01,8.67,51.18,0.30,306.87,22.09,185.40,0.40
19/04/2012,15:00,297.86,75.72,0.20,2.39,13.36,15.59,20.67,12.63,37.72,1.74,168.85,22.38,117.40,1.17
19/04/2012,16:00,275.33,77.18,0.15,2.36,9.54,11.79,20.49,13.97,22.91,-0.08,179.22,22.23,110.74,1.93
19/04/2012,17:00,304.48,85.73,0.16,1.54,13.28,14.66,15.13,14.17,19.00,-0.26,54.48,20.87,124.43,1.87
19/04/2012,18:00,469.94,87.86,0.16,5.52,23.48,28.73,4.97,12.91,25.52,0.20,11.74,20.20,137.46,1.24
19/04/2012,19:00,509.31,91.42,0.15,7.44,26.14,33.29,0.71,10.70,44.55,0.71,10.31,19.74,130.07,1.03
19/04/2012,20:00,438.10,92.39,0.17,3.99,23.08,26.80,1.91,10.34,27.89,0.72,9.45,19.44,122.40,1.06
19/04/2012,21:00,351.60,91.99,0.19,0.95,19.01,19.71,5.23,11.26,49.59,0.62,9.68,19.37,144.31,0.86
19/04/2012,22:00,299.88,92.34,0.15,-0.05,15.35,15.10,7.02,8.59,52.10,-0.21,9.98,19.21,173.48,0.42
19/04/2012,23:00,319.42,92.65,0.16,0.26,16.08,16.13,3.21,9.92,113.08,-0.23,10.03,18.98,81.19,0.17
19/04/2012,24:00:00,346.50,94.33,0.27,1.35,15.50,16.65,0.39,11.64,70.29,-0.30,10.55,18.61,9.30,0.16
20/04/2012,1:00,383.24,95.40,0.20,8.29,14.07,22.24,-0.20,10.94,54.52,-0.19,10.37,18.47,306.07,0.33
20/04/2012,2:00,,95.85,0.31,,,,,11.13,56.07,,10.86,18.30,294.60,0.22
20/04/2012,3:00,336.84,96.01,0.42,11.04,15.41,26.31,0.13,12.35,22.15,0.23,10.33,18.11,331.68,0.62
20/04/2012,4:00,291.98,96.02,0.54,7.24,14.62,21.72,-0.06,13.47,23.62,0.30,9.94,17.93,324.29,0.69
20/04/2012,5:00,251.81,95.96,0.69,4.40,13.96,18.21,0.02,13.21,28.97,0.49,10.29,17.72,328.88,0.70
20/04/2012,6:00,257.84,96.02,0.66,13.46,11.37,24.77,-0.24,9.86,87.76,0.21,9.65,16.96,129.69,0.22
20/04/2012,7:00,354.09,96.51,0.57,32.99,9.28,42.36,-0.21,14.59,36.93,0.35,16.74,16.67,348.30,0.63
20/04/2012,8:00,462.70,96.90,0.65,35.87,13.83,49.74,0.90,17.62,26.35,0.79,84.05,17.32,337.74,1.10
20/04/2012,9:00,316.41,95.71,0.72,8.67,11.93,20.50,5.49,13.03,58.33,0.39,268.60,18.67,280.39,0.41
20/04/2012,10:00,309.38,84.41,0.45,9.09,11.25,20.25,8.57,12.10,47.15,0.52,234.49,20.31,289.06,0.64
20/04/2012,11:00,278.51,71.10,0.26,6.10,8.06,14.10,13.15,11.75,59.51,0.54,672.44,22.72,321.30,0.76
20/04/2012,12:00,281.86,64.03,0.18,4.73,8.15,12.80,16.65,7.91,65.89,0.83,580.08,24.27,322.53,0.63
20/04/2012,13:00,276.60,59.29,0.16,2.77,8.59,11.28,20.40,10.37,63.75,1.00,543.75,25.46,304.71,0.54
20/04/2012,14:00,246.01,47.86,0.13,1.95,8.03,9.90,29.27,8.63,76.31,0.39,527.13,26.65,120.34,0.48
20/04/2012,15:00,243.80,50.17,0.15,0.72,7.62,8.25,32.79,17.70,53.51,0.18,326.90,26.28,95.20,1.02
20/04/2012,16:00,309.47,61.13,0.23,0.64,9.52,10.04,39.74,19.15,27.73,0.55,292.38,25.73,84.96,1.85
20/04/2012,17:00,340.97,65.99,0.25,0.18,12.43,12.46,35.04,19.64,25.70,0.89,66.38,24.54,64.92,1.66
20/04/2012,18:00,386.63,76.13,0.29,0.05,15.33,15.18,23.42,19.37,31.51,0.83,11.99,22.78,83.98,1.26
20/04/2012,19:00,357.29,81.23,0.30,-0.52,15.32,14.60,20.42,16.36,90.10,0.74,9.08,21.69,64.39,0.32
20/04/2012,20:00,365.57,84.02,0.30,-0.67,16.95,16.06,14.36,17.67,88.74,0.23,9.00,21.08,79.82,0.09
20/04/2012,21:00,347.21,83.25,0.33,-0.32,20.16,19.58,8.58,18.35,72.04,1.76,9.45,21.18,107.10,0.50
20/04/2012,22:00,393.65,87.16,0.36,1.27,23.16,24.15,0.99,19.38,75.32,2.13,9.66,20.67,147.25,0.27
20/04/2012,23:00,362.79,91.76,0.38,2.75,19.10,21.63,0.03,18.25,73.24,1.41,10.34,20.00,328.63,0.17
20/04/2012,24:00:00,493.14,93.52,0.42,16.87,16.69,33.45,-0.25,16.01,69.09,1.14,9.90,19.30,27.07,0.20
21/04/2012,1:00,593.96,94.86,0.41,25.91,11.26,37.19,-0.26,15.97,34.42,1.00,9.08,18.39,356.04,0.36
21/04/2012,2:00,,95.70,0.41,,,,,16.99,42.63,,9.36,17.63,347.49,0.40
21/04/2012,3:00,460.59,96.27,0.41,27.09,7.38,34.60,0.16,17.42,36.90,0.62,9.08,17.08,1.17,0.42
21/04/2012,4:00,482.79,96.61,0.45,28.81,7.12,36.07,-0.15,19.36,40.42,0.35,9.22,16.73,5.17,0.44
21/04/2012,5:00,489.05,96.74,0.54,27.45,7.28,34.86,-0.20,19.30,43.39,0.41,9.25,16.45,8.49,0.36
21/04/2012,6:00,488.99,96.91,0.56,29.25,6.06,35.46,-0.17,19.18,45.45,0.39,9.06,16.20,347.82,0.39
21/04/2012,7:00,581.91,97.08,0.66,43.82,6.32,50.38,-0.14,21.82,28.01,0.74,23.00,16.16,352.96,0.43
21/04/2012,8:00,664.17,97.21,0.82,57.55,7.97,65.85,0.00,27.13,57.01,0.98,61.90,16.91,351.71,0.22
21/04/2012,9:00,660.53,97.07,1.12,48.51,13.64,62.37,0.38,28.69,28.61,1.07,139.23,18.03,317.80,0.51
21/04/2012,10:00,579.94,92.73,1.03,31.52,15.80,47.41,2.16,24.60,72.77,1.42,249.12,19.47,311.99,0.36
21/04/2012,11:00,327.03,77.40,0.49,4.77,9.51,14.24,13.97,17.81,69.30,1.20,439.37,21.46,124.86,0.65
21/04/2012,12:00,353.87,72.30,0.44,4.32,10.50,14.77,20.01,17.47,33.53,1.78,492.78,22.17,127.24,1.60
21/04/2012,13:00,320.97,64.92,0.42,1.80,5.64,7.42,31.19,18.28,75.87,1.30,627.49,23.76,125.99,0.68
21/04/2012,14:00,277.31,58.89,0.34,0.91,5.39,6.26,39.42,18.60,86.25,3.19,563.87,24.53,222.15,0.98
21/04/2012,15:00,295.39,61.89,0.38,0.82,6.71,7.48,38.46,26.07,23.19,4.42,378.57,24.16,252.24,3.10
21/04/2012,16:00,289.90,67.43,0.38,0.40,6.49,6.84,35.06,22.51,19.30,1.99,151.14,23.12,250.81,2.96
21/04/2012,17:00,292.92,71.81,0.39,0.36,8.02,8.33,27.58,22.09,18.89,1.40,58.97,22.36,254.85,3.47
21/04/2012,18:00,338.07,77.15,0.39,0.09,12.58,12.58,18.55,21.27,85.60,0.95,11.04,21.16,254.38,1.94
21/04/2012,19:00,399.90,84.49,0.45,0.08,17.95,17.90,8.94,20.94,50.83,0.43,9.09,20.01,174.07,0.40
21/04/2012,20:00,421.59,86.76,0.47,0.12,19.46,19.44,5.80,19.11,94.66,0.22,8.95,19.77,319.06,0.04
21/04/2012,21:00,593.11,92.08,0.61,11.89,18.52,30.36,0.93,23.85,44.45,0.18,9.68,18.64,339.57,0.31
21/04/2012,22:00,729.39,94.12,0.67,27.72,15.00,42.79,-0.16,22.46,24.72,0.57,9.41,18.06,4.96,0.45
21/04/2012,23:00,668.98,94.94,0.62,25.42,11.99,37.49,-0.16,21.92,28.55,0.68,9.26,17.33,7.82,0.45
21/04/2012,24:00:00,718.18,95.63,0.58,32.13,10.40,42.67,-0.18,18.22,36.84,0.48,8.79,16.77,354.16,0.42
22/04/2012,1:00,641.37,96.09,0.64,32.37,9.50,42.01,-0.18,20.82,28.89,0.09,8.90,16.23,334.38,0.41
22/04/2012,2:00,,96.49,0.75,,,,,21.87,26.67,,9.49,16.03,342.66,0.45
22/04/2012,3:00,626.58,96.85,1.13,18.91,13.53,32.44,0.07,20.09,26.83,0.31,10.00,16.29,337.54,0.50
22/04/2012,4:00,502.97,97.06,1.34,7.08,14.19,21.18,-0.04,15.43,37.08,0.23,10.49,16.24,351.43,0.45
22/04/2012,5:00,401.11,97.31,1.22,1.61,11.76,13.28,1.65,15.85,47.87,0.02,10.66,16.30,302.59,0.36
22/04/2012,6:00,369.83,97.40,1.32,0.09,10.04,10.03,3.15,13.51,50.43,0.03,10.54,16.30,311.66,0.40
22/04/2012,7:00,332.54,97.57,0.80,0.19,8.33,8.45,4.17,12.21,40.51,0.27,16.52,15.98,314.03,0.77
22/04/2012,8:00,251.90,97.70,0.47,0.24,4.05,4.26,7.47,10.35,25.88,0.27,66.89,15.71,327.62,1.07
22/04/2012,9:00,239.59,97.72,0.44,0.40,3.23,3.60,10.26,11.71,36.65,0.10,129.84,16.44,326.94,0.82
22/04/2012,10:00,228.47,97.35,0.53,0.50,3.13,3.60,15.78,9.87,38.72,0.36,266.00,17.54,319.62,0.93
22/04/2012,11:00,246.38,85.56,0.56,1.16,3.83,4.96,19.28,14.75,44.31,0.40,500.49,20.47,283.22,0.72
22/04/2012,12:00,274.55,73.42,0.50,1.00,4.48,5.44,23.05,15.44,39.81,0.53,396.37,22.67,301.87,0.74
22/04/2012,13:00,261.69,67.20,0.38,0.36,3.89,4.21,25.09,9.31,53.30,0.71,299.49,23.68,7.08,0.76
22/04/2012,14:00,260.66,65.84,0.34,0.19,3.70,3.86,24.15,11.48,35.74,0.50,215.32,23.86,327.94,0.83
22/04/2012,15:00,298.78,71.46,0.40,0.18,5.31,5.44,18.30,15.56,48.82,0.54,103.21,23.49,316.65,0.32
22/04/2012,16:00,375.99,79.47,0.54,0.52,9.59,10.02,9.96,17.42,30.86,0.48,45.81,22.24,272.90,0.37
22/04/2012,17:00,408.67,86.77,1.16,0.95,13.19,14.02,6.84,26.92,59.89,0.94,38.08,20.69,309.68,0.22
22/04/2012,18:00,517.50,90.15,1.17,5.21,17.06,22.14,1.78,27.80,32.40,0.84,11.03,20.19,5.03,0.58
22/04/2012,19:00,522.78,91.94,1.09,11.55,14.89,26.37,-0.22,27.51,43.29,0.66,10.35,19.85,345.63,0.29
22/04/2012,20:00,564.59,93.81,1.00,16.83,12.57,29.39,-0.27,27.35,85.28,0.47,10.29,19.45,223.08,0.09
22/04/2012,21:00,606.98,94.55,0.89,20.76,10.71,31.51,-0.27,25.49,71.92,0.60,10.34,19.07,352.07,0.19
22/04/2012,22:00,784.81,95.16,0.86,40.84,8.67,49.70,-0.27,27.23,42.97,0.83,9.51,18.47,12.86,0.25
22/04/2012,23:00,797.48,95.69,0.76,44.89,6.89,52.01,-0.27,25.49,37.25,0.77,9.45,17.91,336.01,0.35
22/04/2012,24:00:00,831.84,96.28,0.87,48.50,6.67,55.42,-0.20,25.72,32.40,0.89,9.39,17.69,356.44,0.49
23/04/2012,1:00,761.18,96.55,0.85,42.44,5.61,48.27,-0.24,25.38,36.66,1.05,10.30,17.58,349.04,0.39
23/04/2012,2:00,,96.69,0.96,,,,,24.08,66.13,,10.45,17.38,338.10,0.24
23/04/2012,3:00,741.31,96.95,1.07,45.91,5.52,51.63,0.12,23.34,67.33,0.87,10.23,17.69,346.38,0.32
23/04/2012,4:00,639.95,97.12,0.87,36.86,6.65,43.63,-0.27,20.20,69.95,0.45,10.26,17.85,317.76,0.34
23/04/2012,5:00,477.92,97.18,0.75,26.70,6.58,33.35,-0.28,17.51,61.54,0.34,9.88,18.00,225.65,0.20
23/04/2012,6:00,392.65,97.11,0.62,18.92,7.65,26.58,-0.52,16.60,49.17,0.05,10.42,17.98,320.68,0.97
23/04/2012,7:00,287.48,87.98,0.36,23.19,14.37,37.51,1.91,14.21,19.50,1.16,11.28,18.70,326.93,2.15
23/04/2012,8:00,274.67,86.87,0.23,3.76,13.59,17.20,4.94,11.72,20.31,0.57,23.64,18.48,322.11,1.79
23/04/2012,9:00,311.44,88.94,0.20,4.55,14.22,18.61,4.36,11.58,22.33,-0.01,49.51,18.28,329.66,1.78
23/04/2012,10:00,269.80,89.90,0.16,4.22,13.03,17.10,8.17,8.94,19.44,-0.15,62.77,18.15,332.09,2.48
23/04/2012,11:00,261.79,90.26,0.14,5.19,14.14,19.18,9.16,9.56,20.03,-0.33,89.24,18.28,338.50,2.40
23/04/2012,12:00,247.15,89.68,0.13,3.26,11.06,14.20,11.62,8.32,20.90,-0.53,93.64,18.43,342.74,2.47
23/04/2012,13:00,283.90,88.16,0.13,3.78,11.68,15.33,10.46,7.78,20.22,0.54,102.09,18.66,337.44,2.01
23/04/2012,14:00,258.98,84.92,0.11,2.78,8.79,11.47,12.70,5.10,21.34,-0.05,97.13,18.98,336.63,2.36
23/04/2012,15:00,255.39,84.44,0.11,5.08,11.46,16.42,10.84,7.87,18.33,-0.33,74.56,18.98,337.25,3.10
23/04/2012,16:00,258.62,83.13,0.11,6.97,12.42,19.28,9.05,5.25,23.63,-0.29,64.81,19.01,348.88,3.03
23/04/2012,17:00,265.47,79.37,0.10,4.51,11.58,15.96,9.68,9.34,24.06,-0.47,59.26,19.35,339.80,2.82
23/04/2012,18:00,261.12,79.18,0.11,2.82,11.53,14.22,9.69,8.89,22.87,-0.50,13.94,19.20,344.58,2.69
23/04/2012,19:00,244.89,80.02,0.11,1.47,9.93,11.28,10.50,10.40,44.65,-0.48,9.49,19.07,331.55,2.37
23/04/2012,20:00,206.47,78.59,0.10,0.95,7.76,8.61,12.32,8.70,37.30,-0.40,8.56,19.22,201.07,2.32
23/04/2012,21:00,183.63,79.54,0.10,0.54,6.36,6.82,12.73,7.30,23.14,-0.49,8.37,18.97,192.68,2.75
23/04/2012,22:00,187.18,81.76,0.10,0.10,5.20,5.23,12.85,6.85,13.94,-0.36,7.67,18.38,193.79,3.06
23/04/2012,23:00,183.56,82.23,0.09,0.08,4.91,4.92,13.28,7.13,22.90,-0.49,7.75,18.11,194.92,2.84
23/04/2012,24:00:00,175.46,86.22,0.10,-0.22,3.81,3.54,12.48,7.46,32.96,,8.20,17.24,188.61,3.85
24/04/2012,1:00,187.20,91.00,0.10,-0.11,4.81,4.64,8.46,7.02,55.90,,8.66,16.33,194.41,2.80
24/04/2012,2:00,,93.04,0.10,,,,,7.14,52.38,,9.29,15.62,288.48,0.50
24/04/2012,3:00,166.99,94.75,0.14,0.28,5.61,5.89,2.95,7.94,95.28,-0.15,9.15,15.00,241.49,0.11
24/04/2012,4:00,294.97,95.78,0.48,17.15,10.95,28.20,-0.01,8.38,89.24,0.08,10.71,14.40,336.23,0.22
24/04/2012,5:00,300.51,96.56,0.27,28.50,9.98,38.65,-0.25,6.51,36.34,0.84,9.35,13.92,345.33,0.55
24/04/2012,6:00,338.83,96.91,0.21,38.91,7.99,47.15,-0.20,11.10,49.43,0.98,9.54,13.52,344.03,0.36
24/04/2012,7:00,411.35,97.26,0.23,68.65,12.55,81.63,-0.16,16.00,30.41,1.45,18.75,14.46,320.51,0.75
24/04/2012,8:00,379.51,96.93,0.20,23.94,10.83,34.91,0.78,15.79,33.42,0.63,159.94,15.55,296.53,0.65
24/04/2012,9:00,339.70,81.90,0.14,14.65,9.94,24.68,4.30,8.66,31.66,1.62,323.48,18.00,306.71,1.11
24/04/2012,10:00,272.33,70.35,0.14,9.27,9.82,19.15,8.60,10.77,33.78,0.71,225.90,19.18,318.31,1.41
24/04/2012,11:00,222.13,61.66,0.13,6.98,8.20,15.22,12.39,12.65,35.49,0.85,630.19,21.41,318.26,1.31
24/04/2012,12:00,183.93,54.73,0.12,2.24,4.80,7.05,20.06,9.09,36.65,4.28,652.76,23.19,344.91,1.77
24/04/2012,13:00,191.70,52.50,0.12,1.54,4.28,5.83,21.26,11.45,33.77,0.65,414.58,23.14,339.61,2.41
24/04/2012,14:00,194.50,48.89,0.09,2.66,5.56,8.23,18.07,13.30,47.15,0.32,494.36,22.10,313.07,2.08
24/04/2012,15:00,161.48,43.98,0.04,1.50,4.26,5.77,19.08,10.75,34.18,0.42,292.67,20.42,291.20,1.98
24/04/2012,16:00,126.83,42.09,0.04,0.69,6.04,6.73,17.28,5.42,36.60,0.14,62.11,19.42,284.48,1.33
24/04/2012,17:00,88.96,36.15,0.04,1.02,6.52,7.55,18.44,7.74,35.44,0.16,84.10,19.09,299.31,1.70
24/04/2012,18:00,140.70,34.12,0.04,0.70,9.62,10.32,16.74,7.19,27.90,-0.16,6.02,17.37,300.22,1.79
24/04/2012,19:00,257.18,38.57,0.07,2.27,19.82,22.09,7.11,13.13,21.92,0.08,2.44,16.11,308.03,1.26
24/04/2012,20:00,219.48,44.78,0.09,3.91,21.69,25.61,2.78,10.03,42.79,0.35,3.22,14.94,297.75,0.63
24/04/2012,21:00,158.55,47.41,0.06,1.51,18.49,19.99,4.92,8.89,37.28,0.22,3.40,14.27,281.68,0.66
24/04/2012,22:00,156.29,47.41,0.09,1.85,17.43,19.28,7.03,9.49,42.04,0.28,3.41,14.14,315.19,1.01
24/04/2012,23:00,212.36,50.30,0.11,4.93,18.07,23.02,4.73,8.44,36.08,0.28,4.76,13.55,315.40,1.18
24/04/2012,24:00:00,99.81,47.25,0.07,-0.03,8.04,8.01,15.43,7.16,36.59,-0.06,4.68,13.54,310.37,0.96
25/04/2012,1:00,88.72,49.07,0.08,-0.20,8.78,8.57,14.52,8.03,15.86,-0.11,4.71,13.07,330.48,1.27
25/04/2012,2:00,,48.23,0.07,,,,,7.23,31.99,,4.13,13.19,310.91,1.24
25/04/2012,3:00,92.55,53.44,0.09,-0.30,4.73,4.39,12.62,9.25,27.35,-0.30,4.88,12.43,321.70,1.29
25/04/2012,4:00,127.84,63.90,0.09,-0.41,6.44,5.98,11.88,9.75,42.39,-0.45,4.89,10.77,335.31,1.23
25/04/2012,5:00,90.85,62.30,0.05,-0.27,4.27,3.97,14.85,6.08,12.61,-0.35,5.18,10.78,327.04,1.80
25/04/2012,6:00,83.42,64.98,0.03,-0.31,3.34,3.00,15.30,7.61,13.76,-0.49,5.40,10.31,325.28,1.74
25/04/2012,7:00,81.30,65.15,0.03,-0.24,5.46,5.18,13.20,5.68,16.51,-0.56,13.75,10.16,317.69,2.20
25/04/2012,8:00,67.28,54.58,0.02,0.26,4.23,4.46,17.69,5.42,20.75,-0.55,118.34,11.72,307.59,2.21
25/04/2012,9:00,62.60,51.68,0.02,0.54,2.53,3.06,19.62,5.19,23.81,-0.51,293.30,12.84,311.96,2.46
25/04/2012,10:00,68.49,47.28,0.03,0.43,1.84,2.26,20.95,4.72,31.16,-0.49,167.48,14.27,296.82,2.13
25/04/2012,11:00,71.97,42.31,0.02,0.30,1.22,1.52,22.13,3.79,34.56,-0.39,652.38,16.50,291.72,1.83
25/04/2012,12:00,95.80,39.30,0.01,0.21,1.07,1.27,22.77,2.61,37.24,-0.27,734.99,18.15,283.42,1.71
25/04/2012,13:00,99.25,36.16,0.01,0.10,1.01,1.10,23.15,5.14,38.46,-0.55,708.15,19.49,288.51,1.67
25/04/2012,14:00,129.97,33.29,0.02,0.10,1.18,1.28,23.22,5.61,35.64,-0.69,620.87,19.57,289.98,2.08
25/04/2012,15:00,136.03,32.95,0.03,-0.08,0.98,0.88,23.33,8.28,39.34,-0.65,462.45,19.69,275.55,1.88
25/04/2012,16:00,130.29,33.99,0.03,-0.12,1.08,0.95,23.51,7.11,36.32,-0.77,273.99,19.51,273.69,1.51
25/04/2012,17:00,127.41,38.02,0.04,-0.07,2.11,2.03,22.37,10.27,34.96,-0.59,68.77,18.27,263.95,1.69
25/04/2012,18:00,114.03,44.56,0.06,-0.33,2.41,2.05,21.87,13.46,42.06,-0.62,7.43,16.04,291.31,1.33
25/04/2012,19:00,148.18,48.34,0.07,-0.35,5.72,5.32,17.58,12.08,29.44,-0.59,3.47,15.24,298.13,1.25
25/04/2012,20:00,159.38,53.14,0.09,-0.24,8.30,8.01,13.86,9.95,31.67,-0.51,4.60,14.39,304.86,0.90
25/04/2012,21:00,156.25,55.82,0.11,0.19,12.93,13.03,9.21,12.39,17.75,-0.55,4.89,13.89,319.65,1.43
25/04/2012,22:00,151.84,59.30,0.10,-0.20,9.70,9.43,10.88,11.32,17.42,-0.49,5.35,13.42,318.06,1.15
25/04/2012,23:00,173.52,63.42,0.13,-0.14,12.16,11.94,7.36,9.29,25.44,-0.19,5.85,12.71,313.20,0.99
25/04/2012,24:00:00,173.81,66.90,0.12,-0.25,11.64,11.32,7.14,9.29,25.56,-0.49,6.35,12.18,319.93,0.89
26/04/2012,1:00,139.44,66.40,0.10,-0.31,7.21,6.85,10.35,8.96,26.37,-0.68,7.14,12.74,326.25,0.76
26/04/2012,2:00,,75.94,0.10,,,,,9.59,18.60,,7.61,11.44,307.85,0.56
26/04/2012,3:00,122.01,80.16,0.10,-0.12,6.30,6.10,4.17,7.98,23.09,-0.26,7.92,11.21,305.88,0.63
26/04/2012,4:00,114.42,71.99,0.09,-0.39,5.94,5.49,9.41,8.79,16.80,-0.46,8.27,12.73,316.84,0.81
26/04/2012,5:00,128.29,78.85,0.10,0.77,9.77,10.44,3.39,9.07,26.85,-0.40,8.42,11.75,300.56,0.45
26/04/2012,6:00,163.06,74.62,0.12,24.73,16.42,41.15,0.66,13.00,29.27,-0.08,7.34,11.90,338.20,0.81
26/04/2012,7:00,385.89,75.40,0.23,166.93,35.30,203.07,-0.25,37.07,17.31,2.41,15.37,11.87,346.20,1.24
26/04/2012,8:00,428.78,71.26,0.14,59.60,18.25,78.08,0.26,23.00,30.71,1.73,134.11,13.44,314.04,0.56
26/04/2012,9:00,398.06,60.36,0.15,37.00,18.13,55.21,2.57,17.65,49.06,1.13,304.65,16.23,307.19,0.58
26/04/2012,10:00,147.62,53.43,0.09,5.43,7.68,13.07,11.78,9.85,41.58,0.09,248.14,18.10,227.22,1.44
26/04/2012,11:00,99.17,49.65,0.08,2.48,4.87,7.31,16.49,9.70,43.78,-0.20,479.81,19.42,242.44,1.40
26/04/2012,12:00,111.14,44.99,0.07,1.72,3.85,5.54,19.84,9.84,45.30,-0.49,583.54,20.62,210.38,1.58
26/04/2012,13:00,105.23,45.99,0.08,1.07,4.03,5.07,21.42,7.81,45.61,-0.26,375.27,20.43,206.79,1.19
26/04/2012,14:00,114.80,45.32,0.07,0.51,3.05,3.53,23.68,7.24,58.07,-0.51,309.02,20.79,221.07,0.65
26/04/2012,15:00,145.25,45.18,0.08,1.36,7.61,8.90,21.20,12.93,26.41,-0.13,227.48,20.23,140.56,1.82
26/04/2012,16:00,159.87,46.68,0.10,2.25,10.47,12.62,18.03,15.50,30.35,4.55,150.49,19.84,126.11,1.53
26/04/2012,17:00,244.21,51.87,0.11,3.22,16.45,19.52,11.34,20.26,22.48,0.74,49.97,18.99,128.17,1.43
26/04/2012,18:00,380.13,57.95,0.12,6.91,24.41,31.10,2.51,24.04,22.44,0.55,10.11,18.14,116.26,0.95
26/04/2012,19:00,450.28,63.33,0.12,15.25,24.62,39.72,-0.22,19.10,35.44,0.63,7.81,17.48,115.09,0.60
26/04/2012,20:00,308.00,65.22,0.13,7.33,24.17,31.29,0.37,12.87,54.58,0.06,7.55,17.20,122.65,0.43
26/04/2012,21:00,648.31,77.07,0.27,48.94,19.58,68.66,-0.42,23.23,31.67,0.80,8.19,15.63,358.94,0.45
26/04/2012,22:00,644.70,84.99,0.21,48.68,16.75,65.61,-0.47,16.31,25.06,0.78,8.88,14.37,0.99,0.41
26/04/2012,23:00,614.41,89.16,0.19,40.35,14.18,54.67,-0.44,13.06,18.23,0.37,9.33,13.59,5.14,0.45
26/04/2012,24:00:00,592.53,91.72,0.22,46.52,12.88,59.60,-0.43,13.09,19.08,0.44,9.14,13.04,0.43,0.53
27/04/2012,1:00,599.28,93.04,0.23,47.78,10.94,58.96,-0.47,14.15,25.87,0.69,9.46,12.70,352.96,0.50
27/04/2012,2:00,,93.56,0.26,,,,,14.21,15.96,,9.61,12.59,4.21,0.48
27/04/2012,3:00,524.49,93.86,0.25,40.24,8.78,49.27,-0.04,12.44,37.37,0.45,9.47,12.04,356.93,0.36
27/04/2012,4:00,516.89,95.01,0.25,38.90,7.50,46.65,-0.33,12.82,15.87,0.55,8.85,11.46,1.49,0.64
27/04/2012,5:00,470.07,95.59,0.26,60.19,7.32,67.92,-0.35,14.81,27.60,0.67,8.41,10.83,340.70,0.55
27/04/2012,6:00,475.25,96.08,0.27,107.76,10.73,119.22,-0.32,20.47,22.85,1.53,8.86,10.49,345.59,0.63
27/04/2012,7:00,663.17,96.27,0.33,170.93,18.35,190.44,-0.24,24.13,31.05,2.51,14.95,10.07,349.47,0.53
27/04/2012,8:00,1015.14,96.66,0.40,165.67,14.32,181.12,-0.22,38.47,52.64,2.87,89.51,11.04,325.82,0.54
27/04/2012,9:00,511.68,83.12,0.32,61.44,14.69,76.52,0.67,18.97,37.91,1.83,297.19,14.35,306.87,0.76
27/04/2012,10:00,293.83,72.22,0.21,27.03,11.85,39.03,3.37,16.83,59.79,1.43,169.42,16.22,265.99,0.56
27/04/2012,11:00,248.06,61.83,0.23,16.31,12.20,28.60,7.88,19.21,83.59,1.14,581.99,18.69,142.31,0.31
27/04/2012,12:00,233.45,54.52,0.17,7.95,10.92,18.89,15.03,17.37,75.04,0.41,678.89,20.50,229.48,0.45
27/04/2012,13:00,196.50,51.47,0.16,4.05,9.38,13.43,22.38,13.21,62.27,0.70,626.25,21.41,319.41,0.68
27/04/2012,14:00,186.09,47.49,0.15,2.18,7.91,10.08,28.53,15.65,69.54,1.45,606.07,22.53,241.93,0.47
27/04/2012,15:00,169.87,44.81,0.12,0.45,4.69,5.12,32.73,14.18,101.66,2.10,422.86,22.61,103.06,0.32
27/04/2012,16:00,246.68,56.03,0.19,1.68,12.76,14.42,25.99,25.39,21.37,4.39,179.11,20.57,114.81,2.38
27/04/2012,17:00,236.07,60.98,0.19,1.48,13.83,15.27,21.63,21.58,19.45,1.23,69.13,19.40,114.60,2.35
27/04/2012,18:00,319.15,65.80,0.21,1.01,21.75,22.70,12.57,22.75,17.63,2.50,9.27,18.25,124.48,1.56
27/04/2012,19:00,414.53,72.81,0.24,4.95,31.01,35.89,1.66,23.49,30.22,4.95,6.33,16.84,127.49,0.46
27/04/2012,20:00,556.55,83.27,0.34,42.03,24.57,66.82,-0.25,26.37,30.14,2.29,8.59,15.24,348.18,0.41
27/04/2012,21:00,688.55,89.19,0.59,51.06,20.98,72.33,-0.28,29.05,20.19,1.45,9.07,14.23,1.95,0.58
27/04/2012,22:00,820.37,90.01,0.55,58.87,19.28,78.51,-0.27,27.29,50.64,1.21,10.09,14.53,357.67,0.37
27/04/2012,23:00,953.56,88.78,0.48,74.56,19.79,94.82,-0.29,24.89,46.63,1.46,10.00,15.13,14.06,0.40
27/04/2012,24:00:00,920.30,89.15,0.44,72.09,17.60,90.15,-0.31,21.46,46.80,1.43,9.66,14.79,2.92,0.37
28/04/2012,1:00,847.99,92.45,0.46,64.94,13.77,79.13,-0.33,19.33,60.34,0.87,9.63,13.81,11.07,0.30
28/04/2012,2:00,,93.95,0.44,,,,,17.38,42.49,,9.34,13.17,5.98,0.44
28/04/2012,3:00,695.08,94.99,0.41,49.86,11.41,61.60,-0.06,15.78,37.24,0.17,10.24,12.71,348.90,0.51
28/04/2012,4:00,655.21,95.40,0.39,45.24,9.56,55.11,-0.34,13.90,36.91,0.21,9.92,12.32,355.26,0.41
28/04/2012,5:00,559.94,95.93,0.37,38.55,8.85,47.66,-0.32,15.11,19.17,0.28,9.80,12.00,354.84,0.61
28/04/2012,6:00,532.83,96.13,0.36,38.98,8.02,47.26,-0.30,14.68,23.74,0.06,9.23,11.80,346.21,0.61
28/04/2012,7:00,538.09,96.33,0.42,47.70,10.89,58.90,-0.25,17.29,16.24,0.22,17.96,12.11,333.28,0.87
28/04/2012,8:00,464.13,95.18,0.47,34.10,12.21,46.51,0.06,21.03,37.66,0.06,83.31,12.97,329.46,0.72
28/04/2012,9:00,395.29,87.51,0.45,20.03,12.18,32.29,1.97,19.08,31.93,-0.04,209.62,14.95,323.38,0.71
28/04/2012,10:00,320.61,76.51,0.41,9.99,11.90,21.89,6.83,15.63,36.68,-0.08,263.29,16.96,289.09,0.66
28/04/2012,11:00,324.63,69.81,0.38,9.89,12.98,22.87,9.38,17.91,37.31,0.23,340.50,18.51,316.36,0.79
28/04/2012,12:00,307.05,67.11,0.29,6.48,11.41,17.87,13.40,18.25,28.32,0.12,386.05,19.63,325.14,1.44
28/04/2012,13:00,221.33,58.49,0.18,1.44,5.12,6.54,24.16,8.84,29.12,-0.06,517.39,21.39,336.32,1.89
28/04/2012,14:00,204.95,52.88,0.17,0.69,4.19,4.86,26.95,12.05,35.43,-0.04,424.61,22.12,348.13,1.80
28/04/2012,15:00,209.98,49.40,0.15,0.47,4.01,4.47,25.13,13.17,37.95,-0.12,341.22,22.64,351.70,1.46
28/04/2012,16:00,207.20,50.47,0.13,0.63,4.64,5.24,23.63,10.60,38.17,-0.12,194.26,22.42,356.02,1.48
28/04/2012,17:00,244.75,60.25,0.18,0.31,5.78,6.05,19.66,14.29,47.41,-0.08,79.33,21.51,4.49,0.90
28/04/2012,18:00,268.42,73.42,0.20,-0.28,7.83,7.50,12.72,16.88,69.90,-0.08,10.03,18.78,45.23,0.30
28/04/2012,19:00,416.60,85.79,0.25,6.74,13.60,20.30,2.26,16.95,75.89,-0.43,8.60,16.46,5.57,0.45
28/04/2012,20:00,590.66,91.02,0.38,26.04,12.93,39.10,-0.30,17.47,99.05,-0.04,8.95,15.36,0.40,0.06
28/04/2012,21:00,808.08,93.67,0.52,48.75,10.78,59.85,-0.32,23.17,45.88,0.17,8.88,14.45,308.65,0.28
28/04/2012,22:00,481.58,94.20,0.39,14.78,12.83,27.65,0.19,17.24,23.20,-0.19,9.40,14.79,319.76,0.62
28/04/2012,23:00,334.38,92.68,0.35,2.83,11.36,14.14,0.90,13.36,32.91,-0.51,8.54,14.63,311.43,0.48
28/04/2012,24:00:00,409.11,93.81,0.36,11.39,11.60,23.00,-0.25,14.02,61.75,-0.44,8.64,13.80,352.68,0.42
29/04/2012,1:00,439.71,95.03,0.33,14.54,8.08,22.68,-0.33,13.06,50.28,-0.44,7.96,12.52,3.43,0.44
29/04/2012,2:00,,95.82,0.31,,,,,12.34,68.59,,8.13,11.83,348.68,0.47
29/04/2012,3:00,297.73,96.00,0.30,5.04,6.56,11.58,0.01,12.47,41.36,0.19,8.10,10.88,1.22,0.49
29/04/2012,4:00,285.77,96.34,0.28,3.70,6.03,9.70,-0.19,12.00,28.38,0.17,7.76,10.18,358.16,0.72
29/04/2012,5:00,261.43,96.45,0.30,3.92,7.95,11.83,0.08,13.91,24.26,0.24,7.98,9.99,343.79,0.57
29/04/2012,6:00,223.61,95.26,0.29,2.60,9.10,11.62,0.79,12.02,10.46,0.05,7.74,9.84,356.05,0.81
29/04/2012,7:00,249.78,95.19,0.29,3.75,10.21,13.89,0.24,15.02,20.81,0.20,14.20,9.40,353.69,0.75
29/04/2012,8:00,282.70,92.93,0.30,10.89,8.49,19.38,1.37,26.76,44.38,0.53,113.90,11.24,355.18,0.64
29/04/2012,9:00,219.37,64.80,0.27,5.87,9.07,14.89,10.96,7.62,57.36,0.46,292.17,16.22,217.40,0.70
29/04/2012,10:00,170.47,68.52,0.25,0.97,4.46,5.39,20.40,19.58,39.55,0.49,146.41,17.28,186.60,1.86
29/04/2012,11:00,132.06,62.94,0.22,-0.18,2.79,2.58,25.02,24.46,32.31,0.12,217.01,18.10,169.78,2.79
29/04/2012,12:00,132.68,58.57,0.19,-0.39,2.77,2.35,25.46,25.48,32.88,0.13,200.25,18.04,159.94,2.69
29/04/2012,13:00,146.19,58.04,0.19,-0.13,3.48,3.32,24.80,24.03,35.16,0.03,166.05,17.79,164.52,2.60
29/04/2012,14:00,159.95,58.14,0.20,-0.14,4.08,3.89,23.87,22.58,44.04,0.22,141.83,17.34,169.75,1.94
29/04/2012,15:00,142.03,54.77,0.18,0.12,3.62,3.69,25.27,22.65,41.54,-0.08,316.52,17.81,163.58,2.35
29/04/2012,16:00,136.86,54.58,0.17,0.13,3.17,3.26,25.74,22.13,39.48,-0.07,243.52,17.67,164.31,2.08
29/04/2012,17:00,141.34,61.78,0.17,-0.29,4.51,4.17,22.98,18.96,45.39,0.02,48.60,16.06,186.66,1.21
29/04/2012,18:00,177.43,68.87,0.18,-0.28,9.18,8.80,17.89,18.48,50.39,0.25,9.00,14.65,235.04,0.68
29/04/2012,19:00,196.42,76.69,0.20,-0.61,11.59,10.86,11.86,17.34,52.52,0.00,7.11,13.09,298.27,0.27
29/04/2012,20:00,320.97,85.28,0.42,15.69,18.31,33.94,1.77,20.76,18.65,0.47,7.78,11.61,6.60,0.56
29/04/2012,21:00,474.62,89.35,0.50,24.31,16.84,41.18,-0.22,23.85,36.13,0.68,8.77,10.81,354.39,0.53
29/04/2012,22:00,484.59,88.61,0.34,27.70,17.12,44.88,-0.21,26.93,23.50,0.92,8.20,10.48,354.31,0.73
29/04/2012,23:00,409.29,90.62,0.32,19.84,14.36,34.22,-0.20,25.59,33.27,0.64,8.53,9.77,11.37,0.57
29/04/2012,24:00:00,330.43,91.91,0.28,11.76,12.63,24.36,-0.19,14.76,23.72,0.45,8.53,9.39,2.43,0.81
30/04/2012,1:00,316.50,92.82,0.29,10.52,11.60,22.09,-0.20,15.46,15.53,0.88,9.39,8.94,358.49,0.78
30/04/2012,2:00,,91.85,0.26,,,,,13.60,20.47,,9.52,9.40,4.28,0.68
30/04/2012,3:00,250.07,91.85,0.24,7.86,11.35,19.21,0.06,14.27,19.13,-0.18,9.37,9.56,5.42,0.60
30/04/2012,4:00,270.15,92.24,0.22,14.07,9.71,23.84,-0.37,10.55,28.59,0.00,8.77,9.23,6.18,0.40
30/04/2012,5:00,251.05,93.81,0.20,12.31,9.74,22.09,-0.32,12.17,27.95,-0.17,8.85,8.56,8.76,0.50
30/04/2012,6:00,262.15,94.50,0.21,83.75,13.30,97.63,-0.36,17.38,29.25,0.67,8.94,8.15,347.77,0.55
30/04/2012,7:00,461.78,95.06,0.30,166.34,25.11,192.62,-0.31,28.61,23.42,2.24,17.82,8.49,351.42,0.51
30/04/2012,8:00,649.22,89.97,0.34,137.20,25.64,163.77,-0.18,35.99,18.91,3.03,81.49,10.37,332.66,0.71
30/04/2012,9:00,463.72,76.10,0.28,46.53,19.67,66.46,0.92,23.49,21.54,2.18,161.33,12.60,325.47,0.88
30/04/2012,10:00,264.56,65.92,0.23,23.41,16.38,39.88,4.81,23.53,55.56,1.32,283.21,15.11,309.58,0.58
30/04/2012,11:00,187.72,57.32,0.18,11.36,12.95,24.32,10.15,23.50,68.72,0.97,477.45,18.03,236.35,0.47
30/04/2012,12:00,186.63,55.55,0.17,6.30,9.41,15.70,16.09,23.47,67.00,1.12,636.61,19.10,160.01,0.77
30/04/2012,13:00,209.68,56.00,0.18,4.58,12.39,16.94,16.01,22.91,78.27,3.46,210.97,19.03,157.07,0.51
30/04/2012,14:00,186.34,56.65,0.16,1.67,11.60,13.21,17.24,22.69,32.53,3.86,136.33,18.34,110.22,1.18
30/04/2012,15:00,177.49,52.50,0.13,1.87,9.57,11.40,20.41,19.20,32.54,0.35,272.30,19.02,93.89,1.28
30/04/2012,16:00,165.10,50.41,0.10,0.98,7.12,8.06,23.14,15.96,28.02,-0.07,157.06,18.98,74.01,1.53
30/04/2012,17:00,276.68,56.37,0.12,2.29,15.20,17.42,15.85,24.20,42.48,-0.39,44.31,17.94,54.14,1.08
30/04/2012,18:00,450.05,65.61,0.13,9.54,26.80,36.26,1.78,19.37,31.12,0.02,8.43,16.57,55.49,0.97
30/04/2012,19:00,536.71,81.92,0.22,24.00,21.11,45.18,-0.32,23.06,43.05,-0.16,8.04,13.78,356.82,0.57
30/04/2012,20:00,653.19,88.10,0.33,63.73,19.54,83.65,-0.32,26.67,17.13,0.70,8.67,12.92,356.59,0.54
30/04/2012,21:00,612.97,91.73,0.37,62.47,16.55,79.41,-0.39,20.75,29.95,0.68,9.52,11.85,348.03,0.34
30/04/2012,22:00,713.81,93.62,0.37,62.83,14.88,78.12,-0.39,18.77,29.91,0.62,9.60,11.31,352.79,0.36
30/04/2012,23:00,729.20,94.55,0.39,69.84,12.07,82.38,-0.37,19.64,36.24,0.65,9.24,10.97,5.71,0.46
30/04/2012,24:00:00,752.87,94.77,0.39,70.87,12.95,84.30,-0.38,19.01,24.22,0.86,10.33,11.27,3.44,0.55
1/05/2012,1:00,575.75,93.91,0.35,47.01,11.33,58.64,-0.40,15.23,33.89,0.13,10.59,11.60,338.77,0.46
1/05/2012,2:00,,93.67,0.33,,,,,16.17,46.09,,10.45,11.28,2.04,0.30
1/05/2012,3:00,423.13,93.46,0.31,20.88,11.23,32.13,-0.09,11.55,58.12,0.47,9.28,11.31,337.76,0.20
1/05/2012,4:00,362.45,94.69,0.25,18.72,8.57,27.33,-0.32,14.12,28.88,0.54,9.06,10.30,3.60,0.50
1/05/2012,5:00,330.42,95.68,0.23,38.39,8.40,46.99,-0.33,20.74,19.83,0.88,9.78,9.82,345.49,0.66
1/05/2012,6:00,391.79,95.91,0.27,72.98,11.51,84.92,-0.28,18.93,29.85,1.23,9.19,9.76,354.13,0.49
1/05/2012,7:00,632.28,96.18,0.34,145.50,15.18,161.64,-0.25,26.67,22.14,2.13,15.39,9.30,339.48,0.59
1/05/2012,8:00,1038.70,95.92,0.48,173.43,22.15,196.65,-0.08,48.27,21.38,3.29,117.99,10.92,327.05,0.78
1/05/2012,9:00,780.64,82.57,0.42,85.55,23.17,109.10,0.72,24.93,23.45,2.33,299.41,14.02,317.29,0.98
1/05/2012,10:00,415.81,72.46,0.22,32.47,18.54,51.03,3.98,17.66,44.62,1.17,205.06,16.20,315.71,0.74
1/05/2012,11:00,191.30,62.25,0.12,10.58,12.17,22.68,11.51,12.54,45.28,2.27,523.53,18.69,321.84,0.89
1/05/2012,12:00,116.50,57.90,0.08,1.73,5.13,6.81,21.83,9.90,85.04,0.65,545.57,20.28,347.91,0.48
1/05/2012,13:00,150.40,53.61,0.06,1.13,4.19,5.28,23.61,5.27,47.88,0.64,563.56,21.30,13.66,1.43
1/05/2012,14:00,158.26,52.42,0.05,0.61,3.62,4.19,25.03,6.47,48.99,0.29,357.61,21.30,34.66,1.20
1/05/2012,15:00,167.41,50.22,0.05,0.58,3.90,4.44,23.88,5.88,46.91,0.25,385.06,21.78,44.38,1.29
1/05/2012,16:00,183.14,50.77,0.06,1.05,6.43,7.40,20.94,9.93,55.05,0.39,176.64,21.64,35.62,0.67
1/05/2012,17:00,233.86,55.71,0.06,1.59,12.67,14.11,16.61,10.61,27.92,1.17,81.82,20.69,65.42,1.21
1/05/2012,18:00,339.21,65.27,0.10,3.36,22.83,25.93,6.88,15.03,21.53,2.13,8.66,18.87,63.10,1.19
1/05/2012,19:00,312.99,76.28,0.12,2.39,23.70,25.81,4.07,17.64,54.58,1.84,7.21,17.14,59.02,0.60
1/05/2012,20:00,405.32,88.80,0.22,30.17,23.48,53.59,-0.11,18.32,36.80,1.29,8.44,14.61,308.34,0.26
1/05/2012,21:00,529.85,92.58,0.23,35.53,18.40,53.97,-0.34,13.35,54.18,1.22,9.82,13.47,217.04,0.15
1/05/2012,22:00,538.03,94.25,0.22,36.24,14.71,51.04,-0.32,13.88,35.83,0.84,8.90,12.89,277.47,0.43
1/05/2012,23:00,547.21,94.71,0.25,34.97,18.85,53.86,-0.28,14.93,40.11,1.08,9.46,12.98,333.73,0.27
1/05/2012,24:00:00,568.75,94.89,0.25,40.93,16.10,57.15,-0.30,14.76,30.92,1.06,8.97,12.29,342.15,0.29
2/05/2012,1:00,540.30,95.60,0.24,35.46,10.39,45.99,-0.29,10.70,23.85,1.10,9.11,11.65,346.52,0.50
2/05/2012,2:00,,96.06,0.22,,,,,9.32,25.19,,9.02,11.10,344.10,0.47
2/05/2012,3:00,313.35,96.37,0.18,15.33,6.78,22.22,-0.05,7.81,19.54,0.00,8.28,10.49,345.78,0.46
2/05/2012,4:00,357.03,96.68,0.24,22.85,7.99,31.02,-0.28,12.23,24.34,0.10,8.29,10.40,321.10,0.54
2/05/2012,5:00,338.05,96.64,0.26,43.99,9.31,53.70,-0.29,13.13,68.44,0.35,8.60,9.81,344.74,0.17
2/05/2012,6:00,340.27,96.82,0.23,85.90,9.91,96.64,-0.29,17.41,31.47,0.78,8.33,9.55,349.47,0.45
2/05/2012,7:00,578.12,96.91,0.33,182.06,19.78,203.62,-0.18,23.32,38.30,2.07,14.84,9.37,352.08,0.42
2/05/2012,8:00,767.75,97.25,0.35,187.54,19.22,208.60,-0.12,41.68,24.53,3.02,111.84,10.85,323.39,0.59
2/05/2012,9:00,485.46,88.64,0.28,50.02,15.03,65.47,1.25,14.38,23.27,0.74,294.37,13.83,319.52,1.21
2/05/2012,10:00,356.77,78.56,0.30,27.32,14.36,41.86,3.82,15.35,33.61,0.88,136.45,15.54,322.42,0.94
2/05/2012,11:00,290.75,64.86,0.24,19.74,13.71,33.55,6.59,15.25,58.75,0.92,554.18,19.07,300.56,0.59
2/05/2012,12:00,232.16,53.71,0.17,11.89,11.85,23.78,11.06,13.49,64.72,5.40,668.03,21.88,323.27,0.86
2/05/2012,13:00,199.00,44.61,0.10,5.60,7.86,13.46,16.57,8.71,34.14,8.05,647.00,23.91,333.34,1.49
2/05/2012,14:00,167.36,36.76,0.07,1.74,4.00,5.73,25.54,8.18,41.52,1.34,569.70,25.00,342.74,1.46
2/05/2012,15:00,165.99,33.97,0.07,1.10,4.45,5.53,28.41,10.72,41.89,0.27,403.49,25.34,353.07,1.09
2/05/2012,16:00,195.13,37.48,0.09,0.73,8.07,8.75,27.69,18.04,51.77,0.30,153.80,24.28,46.97,0.97
2/05/2012,17:00,316.37,50.01,0.09,1.65,18.36,19.89,14.40,16.45,23.16,0.21,34.91,22.30,65.12,1.23
2/05/2012,18:00,389.42,67.30,0.16,2.26,25.87,27.96,5.27,25.76,77.82,1.39,8.40,20.52,23.31,0.32
2/05/2012,19:00,379.04,73.19,0.18,5.68,25.07,30.62,1.17,25.90,38.17,3.03,7.90,19.64,325.32,0.67
2/05/2012,20:00,321.83,68.69,0.20,4.76,21.77,26.41,1.48,19.14,46.88,1.52,7.67,19.22,311.69,0.46
2/05/2012,21:00,269.71,74.51,0.18,0.55,17.42,17.84,3.46,20.49,57.39,0.75,9.21,18.12,319.96,0.94
2/05/2012,22:00,232.56,92.77,0.19,-0.05,12.43,12.29,10.63,12.14,34.79,0.03,10.23,15.93,309.55,0.68
2/05/2012,23:00,361.19,95.06,0.23,1.15,19.27,20.29,2.42,12.39,22.00,-0.28,10.71,15.80,328.83,0.69
2/05/2012,24:00:00,366.02,95.72,0.25,6.11,19.11,25.14,0.34,12.94,26.25,-0.30,10.86,15.76,340.64,0.46
3/05/2012,1:00,370.77,96.19,0.24,13.03,17.28,30.32,-0.27,12.55,40.43,-0.44,10.84,15.73,327.53,0.73
3/05/2012,2:00,,96.28,0.25,,,,,10.03,36.36,,10.48,15.53,333.23,0.32
3/05/2012,3:00,216.24,96.27,0.30,0.05,10.45,10.43,0.67,7.17,63.54,-0.69,9.82,15.12,315.48,0.20
3/05/2012,4:00,283.88,96.59,0.32,10.79,11.60,22.34,-0.24,11.07,46.07,0.17,9.60,14.45,337.86,0.33
3/05/2012,5:00,282.69,96.73,0.38,18.73,8.82,27.61,-0.29,8.72,25.64,0.21,9.60,13.66,5.32,0.42
3/05/2012,6:00,312.35,96.90,0.32,70.59,8.34,79.44,-0.27,11.66,21.13,1.04,9.12,12.86,351.01,0.45
3/05/2012,7:00,605.99,97.12,0.46,181.06,25.02,207.33,-0.19,20.52,26.64,2.29,15.10,12.45,349.28,0.48
3/05/2012,8:00,818.25,97.40,0.52,146.31,20.18,167.51,-0.05,36.28,25.66,2.89,126.75,13.66,329.88,0.88
3/05/2012,9:00,663.12,90.96,0.44,76.12,18.23,94.78,0.60,15.61,60.69,1.74,292.22,15.72,300.66,0.40
3/05/2012,10:00,198.24,68.48,0.11,7.61,9.45,17.01,10.01,4.63,43.61,0.30,110.95,17.32,203.27,0.99
3/05/2012,11:00,154.57,57.70,0.10,7.09,9.27,16.31,13.70,5.91,57.99,0.41,562.52,19.33,207.09,0.89
3/05/2012,12:00,136.63,51.76,0.09,5.31,7.85,13.10,17.03,8.57,73.15,0.18,670.18,20.63,223.25,0.42
3/05/2012,13:00,156.56,50.91,0.10,3.51,6.80,10.26,20.14,7.31,82.57,0.15,673.65,21.14,292.68,0.41
3/05/2012,14:00,181.46,48.18,0.10,2.75,7.18,9.86,21.97,8.07,75.27,0.29,465.68,21.48,200.38,0.41
3/05/2012,15:00,186.53,43.22,0.09,2.16,7.15,9.23,23.75,6.96,86.78,0.07,402.09,22.26,200.35,0.27
3/05/2012,16:00,185.34,41.79,0.09,1.91,8.32,10.15,23.90,7.84,59.06,0.03,235.03,21.98,131.93,0.84
3/05/2012,17:00,286.94,60.07,0.13,1.99,15.91,17.72,18.58,21.09,20.25,1.01,59.18,19.48,107.56,1.99
3/05/2012,18:00,424.12,66.43,0.12,2.69,24.60,27.01,8.92,18.29,17.56,0.72,7.70,17.69,99.17,1.41
3/05/2012,19:00,386.22,71.75,0.15,3.71,27.91,31.30,2.37,15.84,19.06,0.58,6.25,16.38,108.95,0.79
3/05/2012,20:00,360.15,84.38,0.20,21.08,23.50,44.47,-0.18,16.66,36.73,0.41,7.68,14.24,7.72,0.41
3/05/2012,21:00,650.71,90.92,0.29,47.27,19.09,66.54,-0.22,20.36,54.77,0.87,8.62,13.21,345.00,0.21
3/05/2012,22:00,963.57,92.57,0.31,76.67,18.64,95.74,-0.21,21.80,20.04,1.36,9.91,13.30,5.17,0.49
3/05/2012,23:00,440.75,73.03,0.19,25.63,17.52,43.15,2.66,5.93,70.91,0.60,6.71,14.34,194.07,0.46
3/05/2012,24:00:00,115.10,55.54,0.07,0.13,9.92,9.93,11.35,3.69,58.58,0.08,6.13,14.07,185.07,0.59
4/05/2012,1:00,91.83,54.04,0.06,-0.17,11.57,11.25,9.24,4.70,69.20,-0.43,5.96,13.47,211.41,0.51
4/05/2012,2:00,,55.30,0.06,,,,,5.92,71.16,,5.61,12.44,234.26,0.30
4/05/2012,3:00,67.31,57.88,0.04,-0.33,5.38,5.01,11.35,3.49,58.97,0.00,6.27,12.10,230.35,0.37
4/05/2012,4:00,83.71,61.00,0.04,-0.41,5.67,5.21,13.61,5.89,62.20,-0.36,6.22,11.71,238.45,0.36
4/05/2012,5:00,81.66,62.69,0.05,-0.30,6.67,6.30,12.60,4.88,70.15,-0.34,6.12,11.07,239.67,0.31
4/05/2012,6:00,93.04,67.69,0.05,2.70,10.33,12.96,9.19,7.44,51.33,-0.38,6.51,10.16,325.70,0.35
4/05/2012,7:00,385.88,77.33,0.14,119.47,27.06,147.30,0.14,18.24,47.97,1.46,13.38,9.08,342.93,0.31
4/05/2012,8:00,344.72,63.57,0.11,44.96,21.17,66.33,1.15,11.83,54.12,0.67,108.44,10.96,281.58,0.39
4/05/2012,9:00,150.24,49.71,0.07,6.82,11.25,18.03,10.09,7.76,49.22,-0.13,283.79,13.76,241.13,0.86
4/05/2012,10:00,120.67,47.89,0.06,4.44,7.19,11.60,15.26,9.63,45.79,-0.13,97.13,14.45,276.37,0.91
4/05/2012,11:00,46.92,41.96,0.06,3.37,6.25,9.59,17.92,9.20,42.15,0.06,579.84,16.92,257.84,1.06
4/05/2012,12:00,47.25,38.27,0.05,2.38,5.07,7.42,20.38,5.43,56.33,0.09,666.17,18.58,268.33,0.83
4/05/2012,13:00,76.42,36.28,0.06,1.96,4.77,6.70,22.82,7.51,59.33,0.35,633.35,19.58,219.19,0.73
4/05/2012,14:00,110.15,34.83,0.06,1.51,4.59,6.08,24.07,9.37,62.35,0.46,561.33,20.36,232.81,0.62
4/05/2012,15:00,142.27,30.87,0.05,1.64,5.34,6.94,23.57,6.47,63.29,0.83,418.08,20.82,205.22,0.64
4/05/2012,16:00,147.93,29.10,0.04,1.20,5.56,6.72,23.16,7.42,54.58,-0.23,236.89,20.94,185.93,0.73
4/05/2012,17:00,271.86,41.04,0.06,1.95,14.74,16.57,16.90,17.29,31.80,3.10,55.63,18.72,148.47,1.88
4/05/2012,18:00,391.96,48.67,0.07,3.37,23.85,27.03,7.93,18.78,19.83,8.66,5.12,16.65,135.17,1.77
4/05/2012,19:00,433.87,64.13,0.10,4.34,27.65,31.77,1.11,16.88,107.30,1.00,4.77,14.79,144.09,0.25
4/05/2012,20:00,663.42,79.23,0.27,61.12,22.24,83.68,-0.15,27.85,31.26,1.25,6.98,12.25,358.74,0.50
4/05/2012,21:00,847.59,86.10,0.36,68.22,19.11,87.74,-0.26,25.19,29.77,1.30,7.00,11.00,358.34,0.39
4/05/2012,22:00,930.19,90.22,0.40,65.06,17.12,82.59,-0.29,20.78,29.24,0.97,7.98,10.37,7.87,0.50
4/05/2012,23:00,721.78,90.96,0.31,53.96,16.44,70.72,-0.33,16.45,48.51,0.84,8.39,10.18,357.99,0.47
4/05/2012,24:00:00,632.35,90.41,0.27,47.78,15.34,63.38,-0.35,13.53,38.88,0.57,7.94,9.79,8.81,0.46
5/05/2012,1:00,431.12,87.53,0.21,26.59,14.13,40.82,-0.35,10.94,46.58,1.02,8.50,9.45,11.85,0.52
5/05/2012,2:00,,86.61,0.18,,,,,9.31,37.76,,8.07,8.98,10.90,0.46
5/05/2012,3:00,267.30,85.28,0.14,6.40,11.66,18.00,0.19,9.11,33.15,0.19,9.09,9.34,357.78,0.55
5/05/2012,4:00,217.95,76.46,0.11,3.49,11.97,15.38,3.04,6.38,26.06,0.21,7.03,10.53,340.51,0.72
5/05/2012,5:00,225.51,81.83,0.11,1.77,11.48,13.16,0.96,6.86,26.70,0.65,7.08,9.73,358.72,0.61
5/05/2012,6:00,223.22,87.15,0.11,8.61,12.10,20.65,-0.12,8.34,26.11,0.37,8.30,8.62,353.71,0.67
5/05/2012,7:00,279.01,87.90,0.12,24.05,12.52,36.58,-0.30,9.93,16.83,0.50,13.33,8.30,3.90,0.72
5/05/2012,8:00,312.10,80.19,0.18,34.18,15.03,49.25,0.68,17.34,22.93,0.97,111.37,10.09,338.05,0.87
5/05/2012,9:00,268.17,65.88,0.11,12.54,9.85,22.37,7.17,11.68,56.77,0.66,288.23,13.93,272.59,0.79
5/05/2012,10:00,196.92,62.29,0.08,2.24,5.77,7.97,14.39,10.49,49.63,0.21,243.57,15.67,242.92,0.84
5/05/2012,11:00,122.67,57.50,0.07,2.84,5.77,8.58,16.16,9.22,53.39,0.29,581.24,18.08,221.24,0.94
5/05/2012,12:00,120.73,54.21,0.07,2.24,5.13,7.34,19.56,9.65,43.17,0.29,623.86,19.85,212.26,1.07
5/05/2012,13:00,182.53,54.12,0.06,1.12,4.86,5.94,22.13,9.00,48.21,0.53,352.88,19.29,169.80,1.42
5/05/2012,14:00,210.35,51.42,0.07,0.86,5.05,5.87,22.76,9.99,41.34,0.60,294.06,19.32,165.38,1.80
5/05/2012,15:00,218.21,49.76,0.06,0.95,4.65,5.57,23.65,10.53,34.42,0.49,292.88,19.61,173.81,1.87
5/05/2012,16:00,202.89,49.89,0.05,0.48,5.12,5.56,22.81,6.45,35.54,0.09,84.68,18.58,166.59,1.60
5/05/2012,17:00,241.33,56.41,0.09,0.46,9.38,9.76,17.63,15.24,28.15,0.74,29.20,17.66,146.02,1.75
5/05/2012,18:00,261.07,63.13,0.12,-0.10,10.95,10.76,13.59,17.20,43.53,0.41,6.79,16.39,174.70,0.79
5/05/2012,19:00,325.69,77.24,0.13,-0.28,14.17,13.77,5.61,12.82,80.66,0.24,7.19,13.62,208.63,0.11
5/05/2012,20:00,430.23,82.95,0.47,26.83,18.54,45.34,0.22,24.87,62.57,0.74,7.56,12.47,356.29,0.34
5/05/2012,21:00,831.51,89.76,0.68,41.55,14.64,56.27,-0.22,26.48,45.05,0.87,8.31,11.16,0.51,0.40
5/05/2012,22:00,731.95,92.80,0.53,35.39,13.29,48.74,-0.27,23.62,22.61,0.61,8.41,10.41,358.55,0.64
5/05/2012,23:00,669.05,93.55,0.34,36.89,12.57,49.54,-0.31,15.80,30.12,0.76,8.16,9.87,4.35,0.49
5/05/2012,24:00:00,680.73,94.38,0.37,37.86,11.37,49.32,-0.29,14.20,28.41,0.55,8.54,9.26,6.40,0.58
6/05/2012,1:00,669.46,95.21,0.44,32.76,9.61,42.45,-0.28,17.15,43.56,0.72,8.41,8.64,352.11,0.54
6/05/2012,2:00,,95.74,0.45,,,,,17.02,45.22,,8.53,8.13,346.13,0.60
6/05/2012,3:00,633.54,95.95,0.47,34.69,8.52,43.55,-0.01,15.34,60.45,0.71,8.14,7.69,347.62,0.43
6/05/2012,4:00,638.12,96.04,0.45,25.78,7.41,33.43,-0.31,14.06,41.66,0.19,8.55,7.31,334.52,0.48
6/05/2012,5:00,633.86,96.28,0.43,29.90,6.04,36.24,-0.30,15.15,30.80,0.12,7.38,6.89,350.41,0.61
6/05/2012,6:00,608.84,96.37,0.41,27.71,5.81,33.80,-0.30,14.46,49.15,0.48,7.68,6.48,354.25,0.48
6/05/2012,7:00,590.77,96.54,0.40,33.70,6.05,40.09,-0.24,14.44,28.87,0.46,13.29,6.23,356.77,0.67
6/05/2012,8:00,589.47,96.79,0.41,28.36,7.69,36.32,0.30,24.21,27.07,0.02,91.70,7.64,330.06,0.72
6/05/2012,9:00,370.28,81.57,0.26,9.38,7.19,16.63,4.77,8.87,32.37,0.03,280.15,11.19,312.18,0.92
6/05/2012,10:00,250.88,66.29,0.17,3.71,5.63,9.34,12.58,3.86,45.62,0.16,71.74,13.18,284.96,0.74
6/05/2012,11:00,148.36,54.58,0.16,3.49,6.12,9.60,16.67,7.55,33.35,0.11,572.40,15.55,314.43,1.19
6/05/2012,12:00,135.42,45.15,0.12,2.50,5.44,7.93,20.61,5.51,46.01,-0.06,676.17,17.72,273.13,0.77
6/05/2012,13:00,129.27,38.38,0.08,1.19,3.87,5.04,25.70,3.91,52.18,-0.27,646.71,18.91,318.01,1.01
6/05/2012,14:00,178.08,37.35,0.07,0.29,2.59,2.87,28.20,7.53,63.59,-0.40,533.29,19.56,321.84,0.87
6/05/2012,15:00,173.40,31.75,0.05,0.15,2.06,2.19,28.56,2.70,55.98,-0.37,413.04,20.11,12.97,0.84
6/05/2012,16:00,185.82,30.52,0.05,-0.01,2.09,2.06,29.62,6.01,83.56,-0.35,225.90,20.38,39.36,0.21
6/05/2012,17:00,194.91,40.63,0.05,-0.08,2.88,2.78,25.28,12.80,56.02,-0.18,47.29,19.87,68.15,0.21
6/05/2012,18:00,378.41,66.24,0.12,10.90,13.51,24.43,10.12,20.77,64.88,-0.06,6.26,14.47,26.18,0.27
6/05/2012,19:00,606.64,81.59,0.24,28.12,18.37,46.68,-0.14,21.72,46.38,0.19,7.45,12.19,336.82,0.28
6/05/2012,20:00,559.58,88.02,0.51,36.79,16.79,53.87,-0.14,29.51,54.88,0.50,7.55,11.01,349.60,0.31
6/05/2012,21:00,998.89,88.20,0.59,70.08,19.48,90.23,-0.24,28.96,46.74,0.99,7.68,10.80,4.76,0.40
6/05/2012,22:00,873.80,84.28,0.46,49.09,16.26,65.79,-0.22,17.86,41.50,0.70,7.21,10.26,1.81,0.44
6/05/2012,23:00,693.05,85.35,0.43,39.38,14.49,54.22,-0.20,19.61,31.41,0.56,7.54,9.34,356.74,0.56
6/05/2012,24:00:00,581.19,86.82,0.40,28.74,12.84,41.82,-0.21,18.99,47.76,0.32,8.16,8.59,14.80,0.48
7/05/2012,1:00,455.82,90.18,0.30,23.03,11.32,34.53,-0.25,12.51,27.04,-0.17,8.18,7.93,5.44,0.77
7/05/2012,2:00,,91.79,0.27,,,,,10.72,27.48,,8.28,7.62,1.80,0.74
7/05/2012,3:00,374.38,92.37,0.30,15.16,8.67,23.96,-0.03,11.11,20.92,-0.19,8.48,7.20,348.50,0.63
7/05/2012,4:00,401.31,93.26,0.35,23.11,9.09,32.43,-0.30,14.55,19.39,-0.33,9.44,7.33,336.26,0.74
7/05/2012,5:00,426.84,92.21,0.34,29.98,9.32,39.60,-0.26,13.29,15.66,-0.05,9.18,7.35,333.71,0.61
7/05/2012,6:00,432.59,92.02,0.32,66.86,11.02,78.64,-0.27,17.48,21.46,0.61,8.88,7.75,325.94,0.67
7/05/2012,7:00,570.71,88.61,0.33,72.75,14.26,87.82,-0.27,18.68,16.36,0.96,11.92,8.50,322.73,0.75
7/05/2012,8:00,712.37,82.45,0.31,67.75,16.69,85.17,-0.13,21.33,28.86,0.70,57.61,9.47,309.31,0.73
7/05/2012,9:00,525.28,75.71,0.20,24.01,15.25,39.46,0.85,13.24,35.91,0.28,92.01,10.74,304.75,0.62
7/05/2012,10:00,548.24,72.68,0.22,40.79,16.43,57.62,0.91,17.50,26.69,0.48,174.31,11.63,315.50,0.98
7/05/2012,11:00,223.89,62.48,0.20,27.20,16.30,43.73,3.48,15.17,34.24,0.30,287.62,13.81,302.53,0.88
7/05/2012,12:00,98.41,52.97,0.19,8.89,13.60,22.50,10.82,11.87,95.36,-0.24,359.91,15.66,307.70,0.08
7/05/2012,13:00,185.35,47.53,0.19,14.11,16.45,30.62,10.38,14.57,85.84,-0.06,472.73,16.98,278.06,0.23
7/05/2012,14:00,288.94,43.52,0.20,14.38,14.90,29.36,11.96,16.36,82.60,0.08,552.24,17.97,148.61,0.47
7/05/2012,15:00,225.79,41.12,0.12,4.30,8.21,12.51,17.69,13.32,66.64,-0.42,310.13,18.74,214.41,0.66
7/05/2012,16:00,207.23,43.89,0.07,1.25,6.63,7.85,17.54,8.43,45.45,-0.56,144.97,17.94,198.46,0.87
7/05/2012,17:00,251.16,46.00,0.06,1.10,10.90,11.94,13.12,9.56,28.11,-0.45,44.57,17.01,197.10,0.88
7/05/2012,18:00,416.67,60.76,0.08,3.71,16.91,20.56,3.88,17.68,95.90,-0.49,6.89,14.37,167.36,0.09
7/05/2012,19:00,759.99,74.91,0.39,54.66,18.17,73.39,0.20,51.85,15.37,0.43,8.29,12.70,6.25,0.58
7/05/2012,20:00,768.53,77.33,0.57,72.63,18.07,91.48,-0.07,28.54,12.97,0.94,8.45,12.47,6.38,0.54
7/05/2012,21:00,854.20,81.30,0.58,74.57,16.18,91.57,-0.14,27.45,43.40,0.92,8.26,11.86,357.75,0.56
7/05/2012,22:00,899.01,84.92,0.61,65.87,14.92,81.51,-0.20,24.15,10.08,0.57,7.37,10.87,0.68,0.82
7/05/2012,23:00,813.32,87.52,0.69,53.42,14.40,68.39,-0.17,23.69,20.44,0.41,7.85,10.08,353.05,0.75
7/05/2012,24:00:00,763.26,90.83,0.67,46.81,13.24,60.53,-0.22,24.43,42.23,0.20,7.98,9.44,339.67,0.73
8/05/2012,1:00,654.87,91.34,0.56,34.66,12.60,47.61,-0.28,19.22,27.76,0.09,8.80,9.11,337.57,0.63
8/05/2012,2:00,,93.36,0.47,,,,,20.57,19.62,,8.63,8.53,340.86,0.64
8/05/2012,3:00,339.85,94.26,0.40,10.87,8.82,19.70,-0.06,11.68,18.67,-0.01,8.63,7.99,341.32,0.60
8/05/2012,4:00,302.23,94.89,0.36,14.54,7.76,22.37,-0.32,22.31,31.32,-0.17,8.31,7.39,354.82,0.49
8/05/2012,5:00,326.24,95.80,0.33,36.49,8.01,44.81,-0.32,17.06,16.00,0.15,8.40,7.30,330.04,0.78
8/05/2012,6:00,350.45,95.90,0.33,37.09,10.42,47.79,-0.42,16.21,18.51,0.28,8.56,7.40,312.20,0.61
8/05/2012,7:00,449.16,95.10,0.25,51.08,13.05,64.53,-0.30,14.92,15.73,0.27,13.91,7.67,320.31,0.81
8/05/2012,8:00,460.30,90.27,0.20,60.90,13.74,75.14,0.14,24.93,19.61,0.47,83.90,9.03,317.11,0.98
8/05/2012,9:00,465.38,76.77,0.20,41.17,13.64,55.11,1.48,10.31,25.12,0.19,263.41,11.85,309.64,1.22
8/05/2012,10:00,364.92,69.73,0.20,23.54,12.00,35.66,3.83,15.89,20.31,0.05,74.77,13.33,325.47,1.76
8/05/2012,11:00,207.08,53.88,0.15,12.35,11.77,24.12,9.64,9.74,47.43,-0.01,525.06,17.15,296.02,0.78
8/05/2012,12:00,170.57,46.20,0.13,10.78,12.89,23.64,11.71,14.67,48.51,0.18,638.26,19.51,277.11,0.74
8/05/2012,13:00,148.69,42.46,0.11,6.37,9.14,15.48,15.89,12.60,60.73,0.11,614.62,20.87,290.36,0.76
8/05/2012,14:00,179.09,39.29,0.11,5.60,8.84,14.40,19.63,14.30,70.80,-0.20,513.71,21.57,77.38,0.43
8/05/2012,15:00,198.89,37.85,0.11,3.89,10.29,14.11,19.75,16.23,72.80,-0.27,335.23,22.18,359.19,0.35
8/05/2012,16:00,212.76,36.66,0.10,2.74,11.42,14.07,21.00,15.92,65.30,-0.27,208.21,22.29,48.13,0.46
8/05/2012,17:00,341.29,44.13,0.12,3.48,20.55,23.84,12.31,19.62,48.48,-0.25,45.63,21.03,48.42,0.49
8/05/2012,18:00,946.65,69.31,0.29,65.85,24.74,91.03,0.73,47.77,20.30,0.78,6.52,16.58,357.32,0.62
8/05/2012,19:00,1008.43,78.73,0.35,78.85,21.47,100.93,-0.23,28.99,41.92,1.17,6.90,14.28,5.73,0.51
8/05/2012,20:00,844.82,83.93,0.47,80.88,20.86,102.38,-0.17,31.30,43.16,1.05,7.52,12.80,348.84,0.56
8/05/2012,21:00,777.58,88.60,0.49,86.36,18.02,105.10,-0.30,27.12,72.89,1.00,8.81,11.61,349.27,0.20
8/05/2012,22:00,1116.87,92.14,0.54,104.69,15.17,120.81,-0.25,27.16,28.41,1.36,8.51,10.93,348.70,0.51
8/05/2012,23:00,970.79,92.72,0.49,83.37,13.94,98.05,-0.26,21.05,29.35,1.20,8.34,10.32,2.61,0.64
8/05/2012,24:00:00,778.01,93.28,0.48,60.19,12.93,73.63,-0.26,18.71,13.85,0.61,8.40,9.83,352.21,0.93
9/05/2012,1:00,734.14,94.15,0.48,50.43,10.96,61.81,-0.33,18.14,24.87,0.25,8.14,9.18,341.53,0.56
9/05/2012,2:00,,95.17,0.46,,,,,17.30,24.16,,8.70,8.86,343.06,0.66
9/05/2012,3:00,552.25,95.59,0.40,32.92,7.10,40.23,-0.07,14.76,23.72,0.69,8.39,8.47,348.70,0.69
9/05/2012,4:00,417.40,95.84,0.33,23.15,7.58,30.88,-0.36,23.54,15.43,0.56,8.32,8.34,349.53,0.75
9/05/2012,5:00,361.04,96.07,0.33,83.76,10.45,94.77,-0.33,16.39,12.72,1.22,8.60,8.06,347.01,0.71
9/05/2012,6:00,412.77,96.30,0.30,132.45,13.39,146.73,-0.32,20.43,14.84,2.41,8.22,7.91,339.42,0.77
9/05/2012,7:00,778.91,96.30,0.39,196.92,23.11,221.35,-0.20,31.28,25.54,3.33,13.08,7.85,354.23,0.63
9/05/2012,8:00,1127.93,94.55,0.41,182.82,21.74,205.78,-0.11,47.18,15.98,3.41,107.47,9.55,322.41,0.87
9/05/2012,9:00,883.17,74.12,0.31,93.94,20.86,115.40,0.38,20.40,20.18,2.55,245.12,13.60,309.54,1.02
9/05/2012,10:00,347.25,55.74,0.12,20.63,14.99,35.72,5.11,14.25,27.06,2.08,74.00,16.45,309.88,1.24
9/05/2012,11:00,229.89,47.42,0.12,12.90,11.41,24.37,9.18,15.49,31.27,1.82,516.67,19.57,312.88,1.21
9/05/2012,12:00,180.73,37.04,0.09,4.00,6.37,10.39,17.49,7.68,28.40,1.08,635.23,22.30,310.59,1.14
9/05/2012,13:00,172.63,31.04,0.07,1.45,4.48,5.93,24.41,12.21,52.35,0.39,603.91,24.32,314.12,0.72
9/05/2012,14:00,186.23,29.38,0.08,1.48,6.01,7.48,26.21,10.84,93.09,0.40,510.78,25.12,336.24,0.22
9/05/2012,15:00,209.60,28.30,0.09,2.13,8.34,10.46,25.60,12.66,69.56,0.45,370.32,26.07,322.37,0.41
9/05/2012,16:00,236.15,29.43,0.10,2.22,11.86,14.06,23.32,17.30,63.34,0.48,200.27,26.30,358.91,0.34
9/05/2012,17:00,405.90,41.73,0.17,12.89,25.38,38.29,9.38,35.38,31.68,0.48,43.56,24.38,354.45,0.59
9/05/2012,18:00,1207.12,69.44,0.28,82.83,28.36,111.69,0.02,60.19,34.09,1.66,6.46,18.98,346.65,0.48
9/05/2012,19:00,1252.85,78.63,0.47,98.58,24.27,123.47,-0.28,61.88,27.87,2.05,7.27,16.69,348.76,0.61
9/05/2012,20:00,1062.71,82.97,0.55,103.30,22.61,126.58,-0.26,76.37,77.23,2.23,7.86,15.33,2.09,0.29
9/05/2012,21:00,905.40,86.73,0.42,78.96,17.50,96.96,-0.34,34.00,24.60,1.89,8.37,14.30,356.93,0.63
9/05/2012,22:00,770.42,87.49,0.43,60.36,15.58,76.32,-0.27,23.68,39.91,1.46,8.24,13.64,348.26,0.53
9/05/2012,23:00,1027.93,91.69,0.44,77.73,12.84,91.07,-0.31,40.03,49.13,1.65,8.72,12.67,358.41,0.50
9/05/2012,24:00:00,811.93,93.37,0.41,71.86,11.75,84.09,-0.33,22.54,34.28,1.58,8.90,12.03,351.52,0.44
10/05/2012,1:00,975.71,94.57,0.50,93.03,12.01,105.66,-0.30,25.57,37.22,1.88,8.61,11.79,346.31,0.59
10/05/2012,2:00,,94.73,0.43,,,,,21.22,26.30,,9.43,11.52,356.46,0.63
10/05/2012,3:00,518.20,95.63,0.35,38.62,9.78,48.60,-0.03,16.82,22.11,0.53,8.79,11.06,350.56,0.67
10/05/2012,4:00,495.17,95.27,0.36,40.24,10.79,51.24,-0.28,23.60,12.33,0.69,9.60,11.20,346.79,1.12
10/05/2012,5:00,375.78,95.24,0.30,37.32,10.79,48.29,-0.28,14.01,56.99,0.50,9.08,10.73,328.03,0.58
10/05/2012,6:00,364.13,94.98,0.28,85.66,14.92,101.06,-0.26,16.64,41.90,1.05,8.78,11.00,318.96,0.67
10/05/2012,7:00,723.33,93.47,0.33,165.60,22.13,188.69,-0.22,25.87,34.84,2.31,13.56,11.19,321.15,0.57
10/05/2012,8:00,722.29,88.57,0.31,83.03,17.46,100.94,-0.03,32.06,39.50,1.79,105.97,12.37,304.07,0.51
10/05/2012,9:00,496.43,71.38,0.25,40.93,16.53,57.64,1.39,15.00,35.01,2.30,233.95,15.45,310.61,1.02
10/05/2012,10:00,332.10,60.10,0.17,21.71,14.73,36.50,4.80,20.54,32.23,3.62,71.17,17.97,305.08,1.08
10/05/2012,11:00,254.02,49.82,0.16,13.12,12.53,25.67,8.64,19.57,31.84,3.63,502.21,21.72,299.85,0.87
10/05/2012,12:00,200.56,36.21,0.12,5.54,8.24,13.77,17.33,8.40,36.61,2.29,628.10,25.20,304.74,0.84
10/05/2012,13:00,191.78,29.55,0.14,2.67,9.42,12.06,26.04,11.54,86.21,0.68,514.43,26.57,24.69,0.16
10/05/2012,14:00,214.07,28.25,0.13,2.74,10.84,13.54,29.73,15.00,48.33,0.44,452.27,26.83,105.38,0.62
10/05/2012,15:00,244.30,27.28,0.15,3.22,15.96,19.11,30.34,21.72,69.86,1.82,362.88,27.37,118.48,0.94
10/05/2012,16:00,293.73,36.89,0.17,5.55,20.98,26.47,21.38,35.49,17.62,8.12,190.78,24.52,126.88,2.72
10/05/2012,17:00,343.83,42.62,0.18,3.39,24.69,27.98,17.17,41.74,18.31,1.46,47.78,22.75,115.63,2.27
10/05/2012,18:00,551.84,54.61,0.21,8.19,37.00,45.05,5.15,49.25,16.10,2.03,5.86,20.70,108.24,1.28
10/05/2012,19:00,658.10,70.38,0.23,24.49,35.98,60.44,-0.16,25.93,21.82,2.19,6.09,17.37,91.14,0.62
10/05/2012,20:00,980.04,83.13,0.32,76.50,31.33,108.17,-0.22,27.53,56.31,2.01,7.59,15.17,303.21,0.20
10/05/2012,21:00,1237.59,87.35,0.46,105.48,29.74,135.75,-0.25,34.39,17.03,2.24,8.66,14.55,3.84,0.67
10/05/2012,22:00,1019.52,91.55,0.39,77.38,25.39,103.13,-0.31,24.13,14.62,1.49,8.74,13.74,1.17,0.61
10/05/2012,23:00,913.63,93.45,0.35,70.33,21.27,91.94,-0.32,18.60,12.23,1.23,8.91,13.12,358.73,0.74
10/05/2012,24:00:00,820.28,94.60,0.36,68.83,17.11,86.30,-0.34,17.80,35.54,1.07,9.26,12.37,343.99,0.59
11/05/2012,1:00,942.02,95.13,0.41,81.09,21.01,102.52,-0.29,23.25,36.75,1.22,8.69,12.39,340.59,0.51
11/05/2012,2:00,,95.11,0.38,,,,,19.55,30.00,,8.85,11.52,3.33,0.42
11/05/2012,3:00,545.57,95.90,0.34,37.21,14.49,51.84,-0.05,16.51,26.43,0.79,9.03,11.09,358.36,0.81
11/05/2012,4:00,358.43,95.25,0.29,10.54,16.60,27.03,-0.03,15.85,32.05,0.66,9.45,11.71,345.60,0.86
11/05/2012,5:00,310.47,91.44,0.25,12.52,16.06,28.49,-0.11,15.89,24.96,0.64,9.79,12.43,317.30,0.87
11/05/2012,6:00,248.98,85.98,0.19,5.70,16.41,21.96,0.41,13.87,47.50,0.39,8.72,12.78,297.50,0.43
11/05/2012,7:00,427.96,86.71,0.21,37.29,16.83,54.23,-0.24,14.62,40.00,0.87,13.58,12.46,303.77,0.41
11/05/2012,8:00,434.10,83.37,0.20,32.77,15.68,48.53,0.28,15.57,40.77,0.74,100.95,12.70,299.70,0.66
11/05/2012,9:00,384.91,68.03,0.15,25.68,15.61,41.32,1.64,14.29,45.90,0.82,160.07,15.39,317.15,0.91
11/05/2012,10:00,420.49,66.54,0.16,23.89,16.25,40.14,1.32,17.52,42.80,0.93,132.92,16.24,266.07,0.48
11/05/2012,11:00,575.70,65.24,0.25,28.66,17.25,45.94,1.40,25.55,85.59,0.92,143.12,17.22,188.66,0.19
11/05/2012,12:00,479.30,60.72,0.27,48.01,21.58,69.73,1.49,30.88,29.35,1.12,172.27,18.22,132.49,0.80
11/05/2012,13:00,670.15,57.22,0.40,62.95,32.89,95.97,3.28,49.92,32.16,4.59,549.86,19.94,109.39,1.05
11/05/2012,14:00,637.15,47.03,0.33,42.73,33.94,76.62,5.68,41.62,77.58,3.93,498.36,24.17,192.13,0.23
11/05/2012,15:00,347.58,34.41,0.17,12.04,19.07,30.99,14.64,17.73,68.56,1.41,365.16,26.44,331.83,0.95
11/05/2012,16:00,251.61,30.55,0.09,2.68,14.08,16.61,21.37,14.77,21.01,1.15,200.89,26.55,332.66,1.66
11/05/2012,17:00,508.96,39.92,0.20,40.33,32.73,73.00,6.29,41.80,22.54,2.30,43.10,24.61,345.30,1.16
11/05/2012,18:00,1158.02,67.40,0.30,104.50,29.82,134.83,-0.04,67.03,36.40,2.79,6.76,19.42,355.66,0.70
11/05/2012,19:00,1277.07,79.55,0.28,101.53,21.31,123.44,-0.29,36.35,79.00,2.31,7.24,16.59,352.76,0.40
11/05/2012,20:00,1182.11,81.87,0.31,99.35,20.88,120.81,-0.27,32.14,104.72,2.27,7.44,15.10,146.50,0.04
11/05/2012,21:00,1036.30,78.61,0.37,95.92,20.04,116.52,-0.21,30.26,68.28,2.41,7.01,14.65,324.11,0.78
11/05/2012,22:00,750.18,81.92,0.37,54.15,16.14,70.55,-0.23,22.36,58.08,1.78,7.35,13.35,356.23,0.57
11/05/2012,23:00,808.21,82.81,0.42,51.91,15.57,67.73,-0.23,26.38,66.84,1.41,7.95,12.68,8.04,0.46
11/05/2012,24:00:00,724.78,86.42,0.34,44.04,14.04,58.27,-0.25,18.48,28.20,1.38,8.19,11.81,4.39,0.64
12/05/2012,1:00,656.87,90.41,0.32,38.58,12.52,51.27,-0.26,16.64,48.87,1.46,8.88,11.07,2.34,0.48
12/05/2012,2:00,,92.74,0.33,,,,,16.23,35.30,,8.53,10.66,2.99,0.58
12/05/2012,3:00,446.07,93.85,0.30,24.87,10.07,35.06,-0.02,12.81,40.20,0.42,9.27,10.10,6.73,0.51
12/05/2012,4:00,379.58,94.95,0.25,17.32,10.23,27.61,-0.35,14.25,14.84,0.16,9.01,9.72,5.89,0.83
12/05/2012,5:00,357.83,95.15,0.25,15.53,10.28,25.84,-0.32,12.58,43.58,0.19,8.57,9.35,358.58,0.45
12/05/2012,6:00,343.73,95.71,0.24,21.38,9.45,30.94,-0.30,14.94,50.68,0.30,8.86,9.11,3.14,0.53
12/05/2012,7:00,350.34,95.98,0.24,27.00,9.02,36.19,-0.29,14.40,47.52,0.24,16.60,9.00,340.77,0.43
12/05/2012,8:00,472.12,96.15,0.32,50.83,11.75,62.95,-0.07,28.21,59.62,0.63,113.58,10.31,325.33,0.35
12/05/2012,9:00,471.77,73.68,0.31,37.31,17.04,54.52,1.97,15.87,43.93,0.79,178.05,13.94,262.98,0.79
12/05/2012,10:00,139.19,49.58,0.14,1.68,7.14,8.76,16.84,11.86,34.50,-0.02,222.85,15.23,236.01,1.58
12/05/2012,11:00,9.21,37.46,0.11,0.94,3.98,4.88,23.84,17.52,34.43,-0.23,415.06,16.42,254.06,1.90
12/05/2012,12:00,19.04,33.92,0.10,0.41,2.44,2.83,25.97,16.50,41.02,-0.15,621.46,18.20,257.51,1.40
12/05/2012,13:00,84.78,31.68,0.10,0.18,1.94,2.10,26.84,13.17,37.96,-0.01,607.14,18.94,261.54,1.50
12/05/2012,14:00,105.84,27.28,0.08,0.19,1.94,2.11,27.97,8.22,44.29,-0.30,531.68,19.94,245.27,1.23
12/05/2012,15:00,112.36,26.41,0.08,-0.04,1.62,1.57,28.49,12.32,43.40,-0.23,383.01,20.04,232.66,1.17
12/05/2012,16:00,140.19,27.47,0.08,0.12,3.38,3.46,25.65,9.80,45.61,-0.48,167.51,19.07,218.23,0.90
12/05/2012,17:00,143.06,28.83,0.08,0.16,6.04,6.13,22.63,10.77,37.61,-0.36,54.24,17.92,208.15,1.03
12/05/2012,18:00,389.22,46.62,0.14,8.56,14.90,23.38,11.52,22.83,48.88,-0.07,3.70,13.94,348.57,0.35
12/05/2012,19:00,834.52,62.39,0.37,57.75,22.08,80.15,0.12,26.95,17.29,1.07,5.10,11.91,350.86,0.59
12/05/2012,20:00,727.38,63.69,0.55,48.09,21.36,69.68,-0.19,29.21,48.50,1.08,5.43,11.35,357.98,0.59
12/05/2012,21:00,619.41,61.67,0.40,35.78,21.45,57.34,-0.09,21.75,69.27,0.58,5.10,10.97,322.84,0.52
12/05/2012,22:00,415.81,69.02,0.34,18.73,19.59,38.28,-0.12,24.79,64.12,0.10,5.63,9.65,350.50,0.50
12/05/2012,23:00,607.70,78.36,0.46,27.85,17.42,45.35,-0.31,33.14,46.34,0.21,6.21,8.00,336.95,0.45
12/05/2012,24:00:00,577.41,71.47,0.33,16.98,20.40,37.32,,20.49,60.18,0.13,5.48,8.02,280.25,0.24
13/05/2012,1:00,309.11,62.49,0.17,0.35,14.73,14.92,3.99,10.42,62.81,-0.14,5.93,8.67,278.34,0.17
13/05/2012,2:00,,62.05,0.16,,,,,13.49,39.67,,5.18,8.69,289.38,0.29
13/05/2012,3:00,,61.33,0.16,,,,,10.44,28.08,,3.84,8.52,318.46,0.68
13/05/2012,4:00,,58.41,0.14,,,,,12.20,57.47,,3.62,8.97,331.85,0.73
13/05/2012,5:00,,74.69,0.15,,,,,12.10,48.80,,5.25,6.61,314.48,0.51
13/05/2012,6:00,,74.24,0.15,,,,,9.54,30.63,,5.20,6.26,320.47,0.77
13/05/2012,7:00,,59.23,0.10,,,,,10.42,16.14,,7.69,8.58,324.73,1.68
13/05/2012,8:00,,54.15,0.09,,,,,13.10,27.70,,79.45,10.25,310.90,1.41
13/05/2012,9:00,,47.30,0.06,,,,,14.01,38.58,,230.52,13.00,278.36,1.40
13/05/2012,10:00,,44.79,0.06,,,,,19.25,36.11,,59.42,14.13,261.06,2.31
13/05/2012,11:00,,40.59,0.05,,,,,14.87,37.28,,494.97,16.16,271.81,2.00
13/05/2012,12:00,,38.82,0.03,,,,,9.52,38.91,,638.43,17.46,271.22,1.82
13/05/2012,13:00,,39.17,0.02,,,,,5.69,40.96,,456.34,17.41,269.41,1.84
13/05/2012,14:00,,37.48,0.02,,,,,7.37,38.72,,538.28,18.16,261.58,2.07
13/05/2012,15:00,,36.17,0.03,,,,,15.25,38.37,,390.04,17.79,257.47,2.36
13/05/2012,16:00,,38.20,0.03,,,,,16.65,36.73,,208.09,16.75,264.02,2.17
13/05/2012,17:00,,41.49,0.04,-2.49,1.41,-1.12,26.82,11.64,36.93,,44.68,15.44,252.97,1.84
13/05/2012,18:00,,45.57,0.05,-2.06,3.46,1.31,24.38,10.20,40.79,,4.29,13.95,251.44,1.12
13/05/2012,19:00,,51.77,0.07,-1.77,6.73,4.79,19.99,7.76,34.10,,3.27,12.67,265.73,0.66
13/05/2012,20:00,,55.68,0.09,-1.61,8.39,6.57,17.62,10.18,34.09,,3.23,12.04,262.39,0.62
13/05/2012,21:00,,62.67,0.19,-1.35,12.56,10.91,12.72,10.66,33.58,,5.22,10.52,303.87,0.27
13/05/2012,22:00,,75.40,0.38,15.55,18.82,34.01,3.16,31.11,17.43,,5.93,8.61,356.54,0.79
13/05/2012,23:00,,82.58,0.32,16.34,15.15,31.22,2.49,14.62,46.37,,6.86,7.41,359.29,0.43
13/05/2012,24:00:00,,88.06,0.38,20.39,12.66,32.87,2.40,13.76,38.35,,7.59,6.54,355.00,0.45