Timestamp,m/z 31,m/z 33,m/z 41,m/z 42,m/z 43,m/z 45,m/z 47,m/z 57,m/z 59,m/z 61,m/z 69,m/z 71,m/z 73,m/z 75,m/z 79,m/z 81,m/z 83,m/z 87,m/z 93,m/z 105,m/z 107,m/z 121,m/z 137,,
MDL,1.524,0.855,0.062,0.052,0.278,0.174,0.128,0.114,0.132,0.140,0.169,0.074,0.056,0.056,0.102,0.140,0.059,0.064,0.093,0.076,0.093,0.106,0.402,,
,,,,,,,,,,,,,,,,,,,,,,,,,
18/02/2011 17:00,2.607,3.455,0.568,0.091,2.832,1.053,0.510,0.249,1.228,0.883,0.829,0.304,0.227,0.092,0.215,0.225,0.066,0.097,0.432,<mdl,0.271,0.144,<mdl,,
18/02/2011 18:00,2.569,3.298,1.087,0.118,4.116,1.182,0.451,0.425,1.327,0.826,0.861,0.238,0.281,0.082,0.268,0.238,0.078,0.096,0.564,<mdl,0.370,0.155,<mdl,,
18/02/2011 19:00,1.653,3.022,0.848,0.116,3.295,1.168,0.427,0.505,1.200,0.685,0.352,<mdl,0.202,0.075,0.267,0.176,0.080,0.079,0.613,<mdl,0.384,0.158,<mdl,,
18/02/2011 20:00,<mdl,2.904,0.746,0.098,2.945,0.884,0.371,0.503,0.979,0.599,0.229,<mdl,0.301,0.063,0.274,<mdl,0.073,0.067,0.574,<mdl,0.406,0.166,<mdl,,
18/02/2011 21:00,<mdl,3.001,0.821,0.127,3.209,0.653,0.384,0.375,1.094,0.562,<mdl,<mdl,0.413,0.059,0.239,0.157,<mdl,0.064,0.490,<mdl,0.311,0.151,<mdl,,
18/02/2011 22:00,<mdl,3.018,0.265,0.093,1.571,0.335,0.350,0.718,1.019,0.448,<mdl,<mdl,0.228,0.063,0.105,0.162,<mdl,<mdl,0.368,<mdl,0.285,0.138,<mdl,,
19/02/2011 4:00,7.078,4.429,0.910,0.178,1.840,0.924,0.412,1.160,1.717,0.298,0.383,0.107,0.320,0.058,0.378,1.575,0.101,0.098,2.226,<mdl,0.886,0.413,1.675,,
19/02/2011 5:00,<mdl,5.027,1.020,0.409,2.212,1.005,0.226,1.518,1.731,<mdl,0.395,0.234,0.317,<mdl,0.416,1.668,0.108,0.073,2.127,0.116,0.910,0.394,1.610,,
19/02/2011 6:00,<mdl,6.232,1.902,0.393,4.024,0.900,0.320,2.448,2.431,0.222,0.574,0.439,0.349,0.057,0.647,1.965,0.150,0.082,2.776,0.102,1.229,0.511,1.920,,
19/02/2011 7:00,<mdl,5.577,1.040,0.223,2.723,1.339,0.415,1.135,1.958,0.477,0.884,0.183,0.289,<mdl,0.589,1.672,0.131,0.074,3.220,0.122,1.106,0.543,1.636,,
19/02/2011 8:00,<mdl,3.039,0.332,0.127,0.636,0.411,0.329,0.293,0.661,<mdl,1.161,0.133,0.069,<mdl,0.103,0.464,<mdl,<mdl,0.453,<mdl,0.203,0.109,0.476,,
19/02/2011 9:00,<mdl,3.304,0.452,0.096,1.737,0.446,0.383,0.210,0.758,0.431,1.313,0.604,0.084,0.103,<mdl,0.218,<mdl,<mdl,0.211,<mdl,0.114,<mdl,<mdl,,
19/02/2011 11:00,3.775,5.728,0.586,0.388,3.704,1.342,0.681,0.536,1.294,1.476,2.282,2.303,0.276,0.288,<mdl,0.347,0.120,0.110,0.275,<mdl,0.161,<mdl,<mdl,,
19/02/2011 12:00,4.678,7.322,0.784,0.094,4.753,1.317,0.881,0.569,1.556,1.699,3.679,3.415,0.297,0.394,<mdl,0.386,0.169,0.175,0.276,<mdl,0.150,<mdl,<mdl,,
19/02/2011 13:00,4.820,9.478,1.016,0.112,5.567,1.491,1.050,0.337,1.643,2.048,5.092,4.122,0.326,0.459,<mdl,0.445,0.258,0.193,0.265,<mdl,<mdl,<mdl,0.537,,
19/02/2011 14:00,5.949,10.447,1.369,0.131,6.539,1.252,1.219,0.664,1.915,2.257,7.098,4.859,0.352,0.546,<mdl,0.501,0.297,0.248,0.236,<mdl,<mdl,<mdl,0.478,,
19/02/2011 18:00,13.903,9.235,0.863,0.143,5.352,0.877,1.470,0.496,1.766,2.422,2.756,1.808,0.267,0.350,<mdl,0.258,0.172,0.134,0.389,<mdl,0.149,0.112,<mdl,,
19/02/2011 19:00,6.096,10.299,0.680,0.145,4.936,1.013,1.276,0.300,1.629,2.354,2.172,1.488,0.244,0.280,0.125,0.261,0.144,0.142,0.542,<mdl,0.296,0.128,<mdl,,
19/02/2011 20:00,5.794,17.108,1.577,0.195,7.046,2.121,1.584,4.965,2.549,3.355,2.811,1.761,0.441,0.387,0.262,1.108,0.255,0.273,1.089,<mdl,0.586,0.252,1.102,,
19/02/2011 21:00,6.290,21.200,1.570,0.216,9.147,3.992,1.895,1.298,3.153,4.060,3.735,2.422,0.690,0.446,0.496,1.480,0.356,0.349,2.247,0.107,1.012,0.491,1.395,,
19/02/2011 22:00,7.041,21.400,1.608,0.161,9.761,2.621,1.796,1.725,3.354,4.249,4.371,3.443,0.753,0.515,0.341,1.397,0.392,0.454,1.365,0.087,0.647,0.322,1.427,,
20/02/2011 4:00,10.808,20.657,1.910,0.222,8.792,3.606,1.437,3.265,4.648,3.612,3.501,2.220,1.029,0.383,0.620,2.893,0.405,0.507,3.449,0.169,1.669,0.650,2.683,,
20/02/2011 5:00,3.437,18.596,1.448,0.531,6.612,2.945,1.070,3.046,3.903,2.698,2.450,1.627,0.806,0.299,0.473,2.363,0.303,0.369,2.504,0.149,1.281,0.533,2.280,,
20/02/2011 6:00,3.992,19.689,1.328,0.337,6.900,2.480,1.026,2.184,4.523,3.022,2.124,1.593,0.846,0.336,0.365,2.006,0.281,0.382,2.003,0.134,1.031,0.456,1.820,,
20/02/2011 7:00,4.232,19.261,1.224,0.211,7.374,2.585,1.144,1.447,5.019,3.133,1.820,1.655,0.804,0.398,0.441,1.968,0.293,0.428,1.845,<mdl,1.106,0.491,1.193,,
20/02/2011 10:00,3.406,8.514,1.117,0.104,8.834,0.946,0.781,<mdl,1.452,1.340,2.843,0.884,0.321,0.134,<mdl,0.173,0.076,0.083,<mdl,<mdl,<mdl,<mdl,<mdl,,
20/02/2011 11:00,3.978,8.531,1.084,0.131,2.955,0.610,0.772,<mdl,1.728,1.255,3.004,1.011,0.211,0.179,<mdl,0.250,0.080,0.113,0.137,<mdl,<mdl,<mdl,0.430,,
20/02/2011 12:00,3.746,8.925,0.886,0.130,3.734,0.812,0.973,0.224,1.784,1.565,4.381,1.432,0.259,0.282,<mdl,0.418,0.108,0.147,<mdl,<mdl,<mdl,<mdl,0.474,,
20/02/2011 13:00,6.171,9.098,0.797,0.129,5.727,1.649,1.108,0.494,2.554,2.135,2.084,1.510,0.454,0.317,0.157,0.370,0.144,0.202,0.370,<mdl,0.217,<mdl,0.407,,
20/02/2011 14:00,5.143,8.176,0.669,0.134,5.171,1.501,1.030,0.485,2.407,1.869,1.998,1.440,0.419,0.293,0.136,0.360,0.147,0.206,0.369,<mdl,0.221,<mdl,<mdl,,
20/02/2011 18:00,10.431,6.951,0.529,0.118,4.270,0.876,1.276,0.441,2.278,1.885,1.318,0.772,0.280,0.174,<mdl,0.220,0.105,0.142,0.284,<mdl,0.190,<mdl,<mdl,,
20/02/2011 19:00,3.588,8.201,1.053,0.141,5.271,0.920,1.014,0.347,2.117,1.753,1.615,0.938,0.243,0.169,<mdl,0.231,0.130,0.123,0.359,<mdl,0.167,<mdl,<mdl,,
20/02/2011 20:00,3.545,10.796,0.683,0.145,4.573,1.238,0.963,0.427,2.217,1.778,1.130,0.703,0.308,0.147,0.207,0.294,0.197,0.145,0.671,<mdl,0.397,0.230,<mdl,,
20/02/2011 21:00,3.184,10.445,0.683,0.145,4.485,1.395,0.987,0.844,2.405,1.873,0.990,0.510,0.358,0.170,0.302,0.462,0.200,0.202,1.043,<mdl,0.611,0.302,0.530,,
20/02/2011 22:00,3.183,11.918,1.086,0.180,5.611,1.895,0.924,2.200,3.081,2.245,1.095,0.611,0.604,0.193,0.494,0.898,0.241,0.260,1.805,0.080,1.116,0.491,0.918,,
21/02/2011 4:00,8.117,<mdl,0.072,0.056,0.286,<mdl,0.379,<mdl,0.256,<mdl,<mdl,<mdl,<mdl,<mdl,<mdl,<mdl,<mdl,<mdl,<mdl,<mdl,<mdl,<mdl,<mdl,,
21/02/2011 5:00,<mdl,1.583,0.077,0.260,<mdl,<mdl,0.275,<mdl,0.241,<mdl,<mdl,<mdl,<mdl,<mdl,<mdl,<mdl,<mdl,<mdl,<mdl,<mdl,<mdl,<mdl,<mdl,,
21/02/2011 6:00,<mdl,1.287,0.125,0.137,0.305,<mdl,0.233,0.142,0.248,<mdl,<mdl,<mdl,<mdl,<mdl,<mdl,<mdl,<mdl,<mdl,0.127,<mdl,<mdl,<mdl,<mdl,,
21/02/2011 7:00,<mdl,1.489,0.215,0.091,0.738,<mdl,0.296,0.251,0.304,0.373,<mdl,<mdl,<mdl,0.059,0.108,<mdl,<mdl,<mdl,0.220,<mdl,0.101,<mdl,<mdl,,
21/02/2011 8:00,<mdl,1.705,0.406,0.083,2.670,0.320,0.358,0.286,0.430,1.626,<mdl,<mdl,0.072,0.100,0.142,0.234,<mdl,<mdl,0.429,<mdl,0.184,0.141,<mdl,,
21/02/2011 9:00,<mdl,1.515,0.414,0.089,2.168,0.354,0.442,0.274,0.500,1.450,0.208,<mdl,0.139,0.070,0.140,0.320,<mdl,<mdl,0.470,<mdl,0.276,0.108,<mdl,,
21/02/2011 11:00,1.642,2.261,0.181,0.094,1.330,0.389,0.489,<mdl,0.726,0.535,0.431,0.238,0.173,0.092,<mdl,0.149,<mdl,<mdl,0.339,<mdl,0.157,<mdl,<mdl,,
21/02/2011 12:00,2.724,2.628,0.550,0.083,2.463,1.162,0.496,0.269,0.951,0.717,0.435,0.382,0.261,0.091,0.183,0.152,0.071,0.094,0.365,<mdl,0.165,<mdl,<mdl,,
21/02/2011 13:00,3.025,2.648,0.382,0.090,2.352,1.056,0.573,0.222,0.959,0.696,0.633,0.401,0.323,0.074,0.136,0.254,<mdl,0.082,0.302,<mdl,0.133,<mdl,<mdl,,
21/02/2011 14:00,3.464,2.726,0.519,0.093,2.611,1.382,0.518,0.297,1.092,0.718,0.757,0.369,0.469,0.090,0.193,0.210,0.084,0.132,0.394,<mdl,0.252,<mdl,<mdl,,
21/02/2011 18:00,7.268,<mdl,0.101,0.095,0.584,<mdl,0.439,<mdl,0.314,0.252,<mdl,<mdl,<mdl,<mdl,<mdl,<mdl,<mdl,<mdl,0.167,<mdl,<mdl,<mdl,<mdl,,
21/02/2011 19:00,1.987,1.820,0.139,0.066,0.803,<mdl,0.318,<mdl,0.267,0.213,<mdl,<mdl,<mdl,<mdl,<mdl,<mdl,<mdl,<mdl,0.111,<mdl,<mdl,<mdl,<mdl,,
21/02/2011 20:00,1.768,1.797,0.499,0.130,1.326,0.322,0.239,0.452,0.320,0.166,<mdl,<mdl,0.106,<mdl,0.166,<mdl,<mdl,<mdl,0.230,<mdl,0.132,<mdl,<mdl,,
21/02/2011 21:00,1.802,1.587,0.188,0.109,0.492,<mdl,0.172,0.173,0.214,0.147,<mdl,<mdl,<mdl,<mdl,<mdl,<mdl,<mdl,<mdl,0.102,<mdl,<mdl,<mdl,<mdl,,
21/02/2011 22:00,<mdl,1.244,0.131,0.114,0.368,<mdl,0.170,<mdl,0.192,<mdl,<mdl,<mdl,<mdl,<mdl,<mdl,<mdl,<mdl,<mdl,<mdl,<mdl,<mdl,<mdl,<mdl,,
22/02/2011 4:00,8.809,<mdl,0.102,0.104,0.476,<mdl,0.291,<mdl,0.160,0.308,<mdl,<mdl,<mdl,<mdl,<mdl,<mdl,<mdl,<mdl,<mdl,<mdl,<mdl,<mdl,<mdl,,
22/02/2011 5:00,2.400,2.801,0.298,0.574,1.042,0.375,0.271,0.360,0.338,0.506,<mdl,<mdl,<mdl,0.062,<mdl,<mdl,<mdl,<mdl,0.118,<mdl,<mdl,<mdl,<mdl,,
22/02/2011 6:00,2.397,3.630,0.441,0.307,4.518,0.392,0.311,0.512,0.487,4.642,<mdl,<mdl,0.067,<mdl,0.152,0.180,<mdl,<mdl,0.492,<mdl,0.177,0.113,<mdl,,
22/02/2011 7:00,2.531,4.252,0.496,0.193,1.903,0.425,0.254,0.511,0.424,1.192,<mdl,<mdl,0.065,0.085,0.172,0.189,<mdl,<mdl,0.548,<mdl,0.268,0.149,<mdl,,
22/02/2011 8:00,2.280,3.653,0.436,0.155,1.153,0.411,0.284,0.426,0.490,0.460,0.169,<mdl,0.100,<mdl,0.229,0.244,<mdl,<mdl,0.593,<mdl,0.308,0.120,<mdl,,
22/02/2011 9:00,<mdl,2.303,1.670,0.138,2.368,0.501,0.254,0.272,0.618,0.547,0.214,<mdl,0.180,0.059,0.224,0.180,<mdl,<mdl,0.582,<mdl,0.316,0.112,<mdl,,
22/02/2011 11:00,<mdl,1.515,0.226,0.070,0.744,0.243,0.211,<mdl,0.325,0.355,0.245,0.159,0.109,<mdl,<mdl,0.545,0.062,<mdl,0.216,<mdl,<mdl,<mdl,<mdl,,
22/02/2011 12:00,<mdl,1.178,0.157,<mdl,0.634,0.244,0.230,<mdl,0.285,0.328,0.248,0.080,0.088,<mdl,<mdl,<mdl,<mdl,<mdl,0.194,<mdl,<mdl,<mdl,<mdl,,
22/02/2011 13:00,<mdl,1.169,0.187,0.060,0.429,<mdl,0.184,<mdl,0.169,0.212,0.248,<mdl,0.080,<mdl,<mdl,<mdl,<mdl,<mdl,0.169,<mdl,<mdl,<mdl,<mdl,,
22/02/2011 14:00,<mdl,1.378,0.280,0.076,0.841,0.192,0.226,0.184,0.267,0.300,0.312,<mdl,0.095,<mdl,0.124,0.495,0.061,<mdl,0.253,<mdl,0.139,<mdl,<mdl,,
22/02/2011 15:00,<mdl,1.227,0.316,0.080,0.862,0.254,0.172,0.171,0.275,0.252,0.209,<mdl,0.078,<mdl,0.154,<mdl,<mdl,<mdl,0.323,<mdl,0.186,<mdl,<mdl,,
22/02/2011 17:00,<mdl,1.092,0.348,0.087,0.880,0.326,0.152,0.229,0.273,0.200,0.338,<mdl,0.090,<mdl,0.212,<mdl,<mdl,<mdl,0.389,<mdl,0.194,<mdl,<mdl,,
22/02/2011 18:00,<mdl,0.963,0.276,<mdl,0.669,0.186,0.132,0.221,0.225,0.181,0.200,0.079,<mdl,<mdl,0.161,<mdl,<mdl,<mdl,0.251,<mdl,0.121,<mdl,<mdl,,
22/02/2011 19:00,<mdl,<mdl,0.127,0.056,0.413,<mdl,<mdl,<mdl,0.163,0.186,0.194,<mdl,<mdl,<mdl,0.135,0.180,<mdl,<mdl,0.190,<mdl,<mdl,<mdl,<mdl,,
22/02/2011 20:00,<mdl,<mdl,0.222,0.064,0.616,<mdl,<mdl,0.181,0.233,0.250,<mdl,<mdl,0.149,<mdl,0.191,<mdl,<mdl,<mdl,0.186,<mdl,<mdl,<mdl,<mdl,,
22/02/2011 21:00,<mdl,1.732,0.360,0.130,1.047,0.333,0.188,0.468,0.412,0.390,<mdl,<mdl,0.430,<mdl,0.231,0.163,0.067,<mdl,0.381,<mdl,0.174,0.108,<mdl,,
22/02/2011 22:00,<mdl,2.629,0.625,0.194,1.867,0.454,0.161,0.727,0.718,0.351,0.252,<mdl,0.497,<mdl,0.340,0.365,0.092,0.071,0.772,<mdl,0.394,0.187,<mdl,,
23/02/2011 4:00,8.851,2.317,0.374,0.088,1.652,0.424,0.440,0.356,0.617,0.809,<mdl,<mdl,0.120,0.147,0.113,<mdl,<mdl,<mdl,0.331,<mdl,0.158,<mdl,<mdl,,
23/02/2011 5:00,1.937,3.069,0.342,0.330,1.409,0.447,0.287,0.458,0.590,0.578,<mdl,<mdl,0.102,0.127,0.122,0.228,<mdl,<mdl,0.284,<mdl,0.169,<mdl,<mdl,,
23/02/2011 6:00,1.718,3.229,0.570,0.199,1.423,0.496,0.267,0.881,0.610,0.460,<mdl,<mdl,0.112,0.098,0.195,0.378,<mdl,<mdl,0.431,<mdl,0.281,0.130,0.518,,
23/02/2011 7:00,1.907,3.575,0.882,0.173,2.722,0.645,0.384,1.494,0.872,1.379,0.297,0.136,0.471,0.129,0.439,0.517,<mdl,<mdl,1.340,0.084,0.642,0.292,0.422,,
23/02/2011 8:00,2.425,3.991,1.070,0.188,7.995,0.993,0.558,0.972,1.478,6.961,0.445,0.141,0.743,<mdl,0.684,0.617,0.111,0.069,1.965,0.135,1.290,0.474,0.467,,
23/02/2011 9:00,2.008,3.010,0.641,0.165,2.109,0.595,0.363,0.312,0.788,0.667,0.335,0.094,0.164,0.082,0.337,0.326,0.066,<mdl,0.779,<mdl,0.501,0.182,<mdl,,
23/02/2011 11:00,<mdl,1.926,0.253,0.183,1.066,0.284,0.205,<mdl,0.470,0.525,0.244,0.117,0.134,<mdl,0.163,0.144,<mdl,<mdl,0.399,<mdl,0.278,<mdl,<mdl,,
23/02/2011 12:00,<mdl,1.878,0.188,0.075,0.927,0.255,0.298,<mdl,0.444,0.419,0.290,0.117,0.114,<mdl,0.138,<mdl,<mdl,<mdl,0.230,<mdl,<mdl,<mdl,<mdl,,
23/02/2011 13:00,2.259,2.100,0.332,0.088,1.081,0.611,0.312,0.215,0.539,0.409,0.319,0.163,0.151,0.066,0.140,0.192,<mdl,<mdl,0.159,<mdl,<mdl,<mdl,<mdl,,
23/02/2011 14:00,2.380,2.021,0.234,0.074,1.249,0.431,0.289,0.137,0.467,0.487,0.356,0.222,0.224,0.058,0.133,<mdl,<mdl,<mdl,0.200,<mdl,<mdl,<mdl,<mdl,,
23/02/2011 18:00,8.206,1.424,0.313,0.119,1.095,0.295,0.490,0.281,0.423,0.486,0.380,0.078,0.096,<mdl,0.282,<mdl,<mdl,<mdl,0.240,<mdl,0.179,<mdl,<mdl,,
23/02/2011 19:00,2.470,2.561,0.660,0.136,2.095,0.742,0.435,0.245,0.506,0.539,0.266,<mdl,0.118,<mdl,0.259,<mdl,<mdl,<mdl,0.251,<mdl,0.137,<mdl,<mdl,,
23/02/2011 20:00,1.856,2.681,0.788,0.117,1.875,0.716,0.370,1.026,0.518,0.512,<mdl,<mdl,0.165,<mdl,0.239,<mdl,<mdl,<mdl,0.489,<mdl,0.241,0.155,<mdl,,
23/02/2011 21:00,2.731,5.906,1.702,0.173,4.575,1.090,1.032,1.011,1.249,0.845,0.367,0.156,0.214,<mdl,0.349,0.261,0.102,<mdl,0.831,0.079,0.523,0.242,<mdl,,
23/02/2011 22:00,3.098,4.972,1.751,0.180,4.409,1.087,0.426,1.559,1.734,0.931,0.696,0.287,0.364,0.091,1.004,0.787,0.208,0.070,3.910,0.151,2.753,1.141,0.683,,
24/02/2011 4:00,8.363,3.929,1.334,0.198,3.688,1.151,0.432,1.092,1.886,0.841,0.688,0.244,0.482,0.078,0.735,1.964,0.196,0.156,3.382,0.148,1.704,0.759,1.851,,
24/02/2011 5:00,<mdl,4.653,1.174,0.184,3.879,0.847,0.253,0.853,1.554,1.702,0.583,0.206,0.356,<mdl,0.696,1.786,0.173,<mdl,2.707,0.131,1.431,0.722,1.795,,
24/02/2011 6:00,3.369,4.649,1.486,0.213,4.176,1.117,0.181,1.357,1.617,1.579,0.823,0.340,0.361,<mdl,1.096,2.005,0.218,0.083,3.313,0.177,1.857,0.914,1.892,,
24/02/2011 7:00,4.493,5.244,2.014,0.276,5.478,1.951,0.452,1.701,1.919,1.193,1.104,0.412,0.746,0.090,1.261,1.772,0.256,0.128,3.916,0.227,2.244,1.200,1.665,,
24/02/2011 8:00,4.712,5.675,1.701,0.213,7.120,2.089,0.770,1.610,2.168,2.279,1.011,0.334,2.382,0.150,0.866,0.908,0.180,0.131,3.610,0.199,2.048,0.920,0.820,,
24/02/2011 9:00,3.912,4.261,0.743,0.133,2.879,1.117,0.707,0.490,1.248,1.188,0.818,0.205,0.608,0.081,0.313,0.497,0.086,0.088,1.069,<mdl,0.560,0.215,<mdl,,
24/02/2011 11:00,2.689,2.897,0.277,0.060,2.021,0.505,0.320,0.124,0.677,0.456,0.501,0.283,0.239,<mdl,0.151,0.277,<mdl,<mdl,0.197,<mdl,0.100,<mdl,<mdl,,
24/02/2011 12:00,4.107,2.954,0.184,0.081,1.823,0.459,0.354,0.263,0.831,0.692,0.498,0.321,0.260,0.108,0.118,0.143,<mdl,<mdl,0.099,<mdl,<mdl,<mdl,<mdl,,
24/02/2011 13:00,4.541,3.007,0.225,0.083,2.419,0.563,0.420,0.221,1.082,0.990,0.497,0.342,0.351,0.136,0.119,<mdl,<mdl,0.076,0.165,<mdl,<mdl,<mdl,<mdl,,
24/02/2011 14:00,5.446,3.798,0.277,0.103,2.935,0.766,0.543,0.267,1.295,1.125,0.518,0.423,0.374,0.162,0.137,0.177,0.065,0.106,0.115,<mdl,<mdl,<mdl,<mdl,,
24/02/2011 18:00,12.576,3.565,0.625,0.105,3.735,0.679,0.964,0.144,1.121,1.526,2.297,1.744,0.228,0.216,0.144,0.862,0.144,0.104,0.185,<mdl,<mdl,<mdl,0.644,,
24/02/2011 19:00,4.165,4.167,0.524,0.105,2.907,0.576,0.705,0.191,1.071,1.246,1.802,0.912,0.237,0.121,0.177,0.222,0.102,0.069,0.201,<mdl,0.097,<mdl,<mdl,,
24/02/2011 20:00,2.690,3.358,0.441,0.092,2.138,0.427,0.488,0.300,0.919,0.895,0.731,0.373,0.169,0.083,0.151,0.201,0.100,<mdl,0.234,<mdl,<mdl,<mdl,<mdl,,
24/02/2011 21:00,2.058,3.152,0.397,0.075,1.873,0.388,0.321,0.535,0.877,0.618,0.271,0.150,0.151,<mdl,0.136,0.193,0.113,<mdl,0.189,<mdl,0.107,<mdl,<mdl,,
24/02/2011 22:00,<mdl,3.830,0.561,0.094,2.439,0.611,0.354,0.760,1.182,0.768,0.341,0.187,0.202,0.060,0.217,0.299,0.116,0.099,0.495,<mdl,0.276,0.127,<mdl,,
25/02/2011 4:00,6.884,3.442,0.886,0.128,2.207,0.727,0.346,0.603,1.905,0.421,0.519,0.210,0.283,<mdl,0.418,1.530,0.155,0.084,2.086,0.078,0.825,0.464,1.569,,
25/02/2011 5:00,<mdl,4.690,1.044,0.407,2.289,0.782,0.185,0.757,1.801,0.280,0.553,0.216,0.249,<mdl,0.492,1.802,0.195,0.068,2.179,<mdl,1.030,0.514,1.646,,
25/02/2011 6:00,3.131,5.273,1.574,0.295,3.458,1.149,0.234,1.357,1.952,0.483,0.911,0.401,0.327,0.080,0.911,2.138,0.233,0.118,3.248,0.163,1.758,0.861,1.952,,
25/02/2011 7:00,4.432,6.218,1.885,0.262,4.668,1.847,0.432,1.844,2.447,0.926,1.101,0.577,0.436,0.096,1.349,1.921,0.286,0.149,3.792,0.221,2.053,1.036,1.618,,
25/02/2011 8:00,4.252,6.736,1.219,0.186,5.195,1.652,0.643,0.855,2.431,1.370,1.076,0.749,0.568,0.152,0.748,0.666,0.251,0.163,2.067,0.123,1.169,0.539,0.617,,
25/02/2011 9:00,5.535,6.559,0.949,0.161,5.241,1.848,0.845,0.739,2.611,1.754,1.052,0.862,0.592,0.211,0.555,0.441,0.203,0.200,1.578,0.093,0.761,0.335,0.409,,
25/02/2011 11:00,9.644,6.857,1.015,0.230,5.780,2.778,0.911,0.473,2.687,1.886,1.243,1.681,0.744,0.298,0.552,0.347,0.181,0.227,1.119,<mdl,0.589,0.248,0.431,,
25/02/2011 12:00,8.880,6.161,0.677,0.161,5.206,1.575,0.765,0.433,1.843,1.786,1.330,2.066,0.505,0.310,0.313,0.548,0.151,0.173,0.530,0.079,0.280,0.107,0.558,,
25/02/2011 13:00,8.727,5.280,0.640,0.197,4.646,0.719,0.720,0.563,1.235,1.586,1.227,2.105,0.246,0.294,0.153,1.314,0.124,0.125,0.231,<mdl,<mdl,<mdl,0.903,,
25/02/2011 14:00,9.504,5.044,0.601,0.169,5.321,0.666,0.839,0.513,1.279,1.804,1.215,1.861,0.288,0.327,0.157,0.710,0.127,0.155,0.312,<mdl,0.156,<mdl,0.697,,
25/02/2011 18:00,16.575,5.861,0.774,0.206,6.186,0.961,1.344,0.405,2.296,2.339,1.885,3.083,0.316,0.376,0.239,0.272,0.165,0.182,0.405,<mdl,0.210,<mdl,<mdl,,
25/02/2011 19:00,7.219,6.198,0.675,0.136,4.038,0.830,0.969,0.170,1.271,1.841,1.782,1.836,0.236,0.231,0.208,0.261,0.127,0.128,0.366,<mdl,0.147,<mdl,<mdl,,
25/02/2011 20:00,3.182,4.771,0.253,0.121,2.387,0.579,0.653,0.188,0.978,1.259,0.501,0.386,0.162,0.122,0.214,0.221,0.082,0.075,0.355,<mdl,0.189,<mdl,<mdl,,
25/02/2011 21:00,2.450,3.756,0.259,0.143,1.641,0.420,0.489,0.128,0.660,0.871,<mdl,<mdl,0.120,0.109,0.196,0.255,0.071,0.071,0.298,<mdl,0.139,<mdl,<mdl,,
25/02/2011 22:00,<mdl,4.907,0.475,0.196,1.940,0.559,0.435,0.648,1.048,0.874,0.231,0.116,0.170,0.095,0.237,0.322,0.098,0.097,0.457,<mdl,0.266,0.112,<mdl,,
26/02/2011 4:00,7.733,4.647,1.374,0.253,2.885,1.158,0.620,1.760,2.231,0.496,0.742,0.263,0.386,0.093,0.763,2.064,0.218,0.154,3.390,0.089,1.719,0.847,2.196,,
26/02/2011 5:00,<mdl,6.184,1.239,0.501,2.864,1.203,0.615,1.450,2.286,0.540,0.801,0.250,0.428,0.073,0.888,2.441,0.254,0.126,3.950,0.139,2.143,1.037,2.737,,
26/02/2011 6:00,2.744,7.530,1.738,0.368,3.984,1.801,0.569,2.582,2.733,0.808,0.959,0.351,0.702,0.108,1.080,2.746,0.268,0.139,4.120,0.190,2.279,1.113,2.635,,
26/02/2011 7:00,2.363,7.745,1.891,0.344,4.740,1.892,0.733,3.103,2.943,1.125,1.111,0.412,1.172,0.168,1.173,2.296,0.261,0.182,4.545,0.196,2.392,1.172,2.363,,
26/02/2011 8:00,3.948,7.806,1.176,0.225,4.488,2.199,0.954,1.262,2.949,1.456,1.142,0.418,1.468,0.216,0.694,1.169,0.191,0.188,2.429,0.147,1.378,0.655,1.088,,
26/02/2011 9:00,3.102,4.399,0.692,0.145,2.591,1.544,0.715,0.754,1.749,0.853,0.934,0.281,0.745,0.132,0.397,0.535,0.117,0.140,1.176,<mdl,0.778,0.326,0.506,,
26/02/2011 11:00,5.068,3.155,0.369,0.125,2.373,0.527,0.408,1.677,0.833,1.001,0.954,1.210,0.241,0.167,0.147,<mdl,0.083,0.089,0.211,<mdl,0.100,<mdl,<mdl,,
26/02/2011 12:00,5.994,4.770,0.472,0.140,3.458,0.581,0.672,0.633,0.939,1.448,1.096,1.084,0.224,0.271,0.125,<mdl,0.094,0.117,<mdl,<mdl,<mdl,<mdl,<mdl,,
26/02/2011 13:00,6.863,5.273,0.568,0.178,4.169,0.674,0.913,1.327,1.187,1.799,1.256,0.869,0.265,0.297,0.112,<mdl,0.076,0.127,<mdl,<mdl,<mdl,<mdl,<mdl,,
26/02/2011 14:00,10.196,7.362,0.523,0.284,8.265,1.772,1.326,0.540,1.635,4.066,1.499,1.798,0.483,0.558,0.306,0.217,0.209,0.272,0.286,<mdl,0.121,<mdl,<mdl,,
26/02/2011 17:00,10.697,4.870,0.653,0.197,4.714,0.721,0.974,0.945,1.017,2.285,2.360,1.887,0.253,0.281,0.158,0.268,0.191,0.148,0.144,<mdl,<mdl,<mdl,<mdl,,
26/02/2011 18:00,5.085,6.623,0.519,0.244,4.606,0.871,0.834,0.333,0.932,2.645,2.159,0.906,0.224,0.255,0.194,0.255,0.217,0.157,0.102,<mdl,<mdl,<mdl,<mdl,,
26/02/2011 19:00,2.808,4.540,0.251,0.105,2.372,0.269,0.653,<mdl,0.672,1.322,1.076,0.213,0.103,0.143,<mdl,0.210,0.090,<mdl,<mdl,<mdl,<mdl,<mdl,<mdl,,
26/02/2011 20:00,1.757,5.193,0.274,0.096,2.338,0.273,0.593,0.233,0.822,1.372,0.638,0.168,0.111,0.145,0.119,0.143,0.087,0.072,0.099,<mdl,0.104,<mdl,<mdl,,
26/02/2011 21:00,2.235,8.254,0.623,0.147,3.121,0.578,0.632,0.981,1.321,1.821,0.611,0.210,0.185,0.167,0.157,0.404,0.147,0.122,0.269,<mdl,0.262,<mdl,<mdl,,
26/02/2011 22:00,1.779,8.782,0.778,0.178,3.277,0.929,0.556,1.668,1.630,1.857,0.592,0.222,0.247,0.171,0.316,0.542,0.167,0.178,0.855,<mdl,0.576,0.201,0.480,,
27/02/2011 4:00,8.268,7.436,1.088,0.229,3.325,1.572,0.607,1.073,3.082,1.013,1.019,0.388,0.554,0.119,0.752,2.069,0.286,0.192,2.942,0.118,1.654,0.866,1.998,,
27/02/2011 5:00,2.994,9.606,0.861,0.634,3.549,1.278,0.495,1.149,2.632,1.311,0.518,0.512,0.437,0.159,0.442,0.842,0.255,0.186,1.546,<mdl,0.925,0.430,0.760,,
27/02/2011 6:00,2.876,9.303,0.615,0.276,3.151,1.101,0.424,0.705,2.585,1.179,0.435,0.687,0.404,0.148,0.374,0.604,0.243,0.170,1.273,<mdl,0.748,0.377,0.561,,
27/02/2011 7:00,3.506,10.491,0.807,0.242,3.757,1.315,0.532,1.383,2.666,1.470,0.470,0.813,0.449,0.196,0.393,0.589,0.275,0.215,1.135,0.079,0.679,0.307,0.643,,
27/02/2011 8:00,4.418,11.143,0.729,0.198,4.965,1.436,0.570,1.148,2.870,1.904,0.641,1.070,0.634,0.239,0.387,0.559,0.299,0.232,1.119,<mdl,0.674,0.299,0.490,,
27/02/2011 9:00,5.013,11.351,1.202,0.175,5.444,1.724,0.753,0.972,3.371,1.817,0.917,1.281,0.653,0.273,0.459,0.575,0.269,0.286,1.224,0.093,0.715,0.333,0.674,,
27/02/2011 10:00,4.767,12.166,0.699,0.152,4.882,1.435,0.894,0.459,3.418,1.379,1.236,1.388,0.530,0.241,0.591,0.558,0.293,0.298,1.074,0.115,0.581,0.395,0.760,,
27/02/2011 11:00,5.664,10.560,0.955,0.193,5.899,1.920,0.895,1.164,3.441,2.048,2.042,1.280,0.782,0.303,0.489,0.622,0.186,0.285,1.251,0.090,0.676,0.260,0.665,,
27/02/2011 12:00,5.520,9.909,0.624,0.116,4.617,1.318,0.884,0.663,2.573,1.855,1.856,1.053,0.517,0.258,0.222,0.324,0.141,0.192,0.498,<mdl,0.417,<mdl,<mdl,,
27/02/2011 18:00,11.794,7.729,0.899,0.175,5.420,0.955,1.245,0.553,1.936,2.150,2.086,1.990,0.314,0.270,0.347,0.229,0.159,0.172,0.459,<mdl,1.051,0.310,<mdl,,
27/02/2011 19:00,2.505,5.398,0.324,0.077,3.168,0.665,0.823,0.138,1.358,1.245,0.444,0.287,0.215,0.165,0.219,<mdl,0.084,0.084,0.386,<mdl,0.278,0.120,<mdl,,
27/02/2011 20:00,2.370,5.327,0.583,0.115,3.412,0.701,0.692,0.351,1.238,1.066,<mdl,0.156,0.162,0.121,0.232,<mdl,0.062,<mdl,0.362,<mdl,0.281,0.115,<mdl,,
27/02/2011 21:00,<mdl,4.073,0.297,0.091,2.149,0.375,0.594,0.252,0.946,0.780,<mdl,<mdl,0.100,0.102,0.169,<mdl,<mdl,<mdl,0.182,<mdl,<mdl,<mdl,<mdl,,
27/02/2011 22:00,<mdl,3.463,0.162,0.090,1.506,<mdl,0.513,0.208,0.690,0.723,<mdl,<mdl,0.083,0.081,0.139,<mdl,<mdl,<mdl,<mdl,<mdl,<mdl,<mdl,<mdl,,
28/02/2011 4:00,7.733,3.967,0.441,0.110,1.584,0.227,0.606,0.310,1.027,0.723,<mdl,<mdl,0.115,0.112,0.149,<mdl,0.064,<mdl,0.146,<mdl,<mdl,<mdl,<mdl,,
28/02/2011 5:00,<mdl,4.911,0.194,0.307,1.271,0.343,0.419,0.219,0.967,0.651,<mdl,<mdl,0.089,0.075,0.140,<mdl,<mdl,<mdl,0.159,<mdl,0.142,<mdl,<mdl,,
28/02/2011 6:00,1.792,4.661,0.270,0.198,1.173,0.328,0.350,1.131,0.942,0.454,<mdl,<mdl,0.080,0.065,0.173,0.280,<mdl,<mdl,0.240,<mdl,0.144,<mdl,<mdl,,
28/02/2011 7:00,1.555,5.136,0.501,0.172,1.456,0.452,0.323,1.302,1.044,0.513,<mdl,<mdl,0.160,0.087,0.223,0.474,<mdl,<mdl,0.443,<mdl,0.246,0.133,0.433,,
28/02/2011 8:00,1.763,4.933,0.464,0.137,2.050,0.556,0.457,1.287,1.173,0.891,0.194,0.086,0.981,0.084,0.420,0.662,<mdl,<mdl,1.032,<mdl,1.084,0.203,0.705,,
28/02/2011 9:00,2.034,4.971,0.575,0.113,1.889,0.476,0.468,0.441,1.206,0.777,0.584,0.203,0.309,0.068,0.232,0.580,<mdl,0.067,0.564,<mdl,0.300,0.124,0.602,,
28/02/2011 11:00,3.990,5.596,0.253,0.086,3.419,0.662,0.663,0.162,1.377,1.361,0.665,1.300,0.218,0.207,0.186,0.148,0.067,0.104,0.182,<mdl,<mdl,<mdl,<mdl,,
28/02/2011 12:00,5.437,6.021,0.806,0.105,4.969,1.848,0.805,0.535,1.982,1.698,1.071,1.159,0.478,0.220,0.473,0.229,0.117,0.148,0.587,<mdl,0.342,0.129,<mdl,,
28/02/2011 13:00,4.131,5.017,0.330,0.073,3.485,0.817,0.696,0.150,1.214,1.297,0.992,1.266,0.237,0.214,0.165,0.153,0.078,0.118,0.206,<mdl,0.103,<mdl,<mdl,,
28/02/2011 14:00,4.191,5.063,0.282,0.075,3.556,0.539,0.651,0.458,1.140,1.440,0.906,1.434,0.203,0.201,0.143,0.152,0.078,0.105,<mdl,<mdl,<mdl,<mdl,<mdl,,
28/02/2011 18:00,8.484,4.589,0.722,0.146,2.321,0.476,0.705,2.105,1.402,0.909,0.765,0.377,0.176,0.118,0.233,0.320,0.072,<mdl,0.473,<mdl,0.246,0.117,<mdl,,
28/02/2011 19:00,1.598,4.922,0.330,0.088,2.293,0.608,0.524,0.515,1.385,0.535,0.551,0.244,0.145,0.093,0.247,0.684,0.080,<mdl,0.461,<mdl,0.246,0.112,0.466,,
28/02/2011 20:00,1.538,5.311,0.267,0.087,1.361,0.404,0.406,0.186,1.256,0.410,0.395,0.207,0.120,0.078,0.271,0.294,0.065,<mdl,0.515,<mdl,0.298,0.131,<mdl,,
28/02/2011 21:00,<mdl,4.754,0.262,0.091,1.246,0.263,0.375,0.401,1.321,0.356,0.304,0.157,0.112,<mdl,0.207,0.383,0.061,<mdl,0.341,<mdl,0.215,<mdl,0.526,,
28/02/2011 22:00,<mdl,5.058,0.265,0.080,1.228,0.324,0.350,0.604,1.320,0.333,0.215,0.165,0.098,0.063,0.198,0.514,0.067,<mdl,0.397,<mdl,0.215,<mdl,0.484,,
1/03/2011 4:00,8.895,7.398,0.335,0.154,2.622,0.521,0.655,0.388,2.054,0.677,0.445,1.054,0.269,0.141,0.185,0.599,0.166,0.098,0.449,<mdl,0.281,<mdl,0.665,,
1/03/2011 5:00,2.883,9.728,0.402,0.399,3.083,0.714,0.588,0.510,2.139,0.940,0.643,1.333,0.338,0.189,0.184,0.581,0.147,0.151,0.394,<mdl,0.210,<mdl,0.576,,
1/03/2011 6:00,3.855,10.916,0.523,0.237,4.013,0.978,0.684,0.647,2.095,1.501,0.764,1.379,0.365,0.226,0.296,0.598,0.185,0.162,0.650,<mdl,0.312,0.125,0.498,,
1/03/2011 7:00,3.503,10.933,0.502,0.159,3.966,0.859,0.739,0.421,1.927,1.605,0.726,1.156,0.291,0.237,0.301,0.672,0.140,0.131,0.567,<mdl,0.316,0.156,0.608,,
1/03/2011 8:00,3.653,11.648,0.800,0.151,5.239,1.120,0.997,0.661,2.393,2.301,1.479,1.022,0.657,0.245,0.401,0.715,0.143,0.135,1.077,<mdl,0.605,0.364,0.733,,
1/03/2011 9:00,5.463,13.286,1.399,0.177,7.184,1.589,1.131,1.387,4.085,3.377,2.421,1.152,1.610,0.270,0.573,0.827,0.190,0.229,2.256,0.122,1.406,1.121,0.707,,
1/03/2011 10:00,6.361,13.151,1.172,0.206,6.310,1.413,1.080,0.397,2.484,2.267,2.503,1.215,0.584,0.175,0.318,0.731,0.129,0.272,1.118,<mdl,0.596,0.266,<mdl,,
1/03/2011 11:00,2.730,8.540,0.688,0.246,4.336,0.608,0.632,0.909,2.111,2.643,1.107,0.481,2.105,0.148,0.284,0.342,0.071,0.080,3.577,<mdl,0.652,0.235,<mdl,,
1/03/2011 12:00,2.544,7.088,0.688,0.110,2.951,0.433,0.598,0.386,1.663,1.543,1.584,0.455,0.411,0.109,0.191,0.292,0.063,0.069,0.753,<mdl,0.229,<mdl,<mdl,,
1/03/2011 13:00,2.253,7.407,0.514,0.097,2.845,0.473,0.673,0.205,1.161,1.555,1.709,0.614,0.281,0.125,0.182,0.232,0.069,0.074,0.481,<mdl,0.327,<mdl,<mdl,,
1/03/2011 14:00,3.431,7.454,0.495,0.088,3.084,0.420,0.743,0.133,1.187,1.457,2.008,1.030,0.181,0.156,0.160,0.248,<mdl,0.088,0.168,<mdl,0.118,<mdl,<mdl,,
1/03/2011 18:00,7.714,2.016,0.494,0.084,2.207,0.401,0.574,0.230,0.633,0.583,0.189,0.113,0.105,<mdl,0.235,0.174,<mdl,<mdl,0.305,<mdl,0.159,<mdl,<mdl,,
1/03/2011 19:00,<mdl,2.498,0.649,0.133,2.091,0.676,0.339,0.575,0.591,0.426,<mdl,0.082,0.132,<mdl,0.358,<mdl,<mdl,<mdl,0.368,<mdl,0.199,<mdl,<mdl,,
1/03/2011 20:00,<mdl,1.988,0.327,0.085,1.015,0.282,0.224,0.438,0.363,0.221,<mdl,<mdl,<mdl,<mdl,0.241,<mdl,<mdl,<mdl,0.168,<mdl,<mdl,<mdl,<mdl,,
1/03/2011 21:00,<mdl,1.623,0.458,0.082,1.227,0.288,0.175,0.429,0.349,0.169,<mdl,<mdl,0.058,<mdl,0.234,<mdl,<mdl,<mdl,0.212,<mdl,<mdl,<mdl,<mdl,,
1/03/2011 22:00,1.559,1.390,0.090,0.059,0.378,<mdl,<mdl,<mdl,0.196,<mdl,<mdl,<mdl,<mdl,<mdl,0.141,<mdl,<mdl,<mdl,<mdl,<mdl,<mdl,<mdl,<mdl,,
2/03/2011 4:00,8.646,1.054,0.852,0.109,2.133,0.423,0.324,0.430,0.310,0.209,<mdl,<mdl,0.185,<mdl,0.230,<mdl,<mdl,<mdl,0.252,<mdl,<mdl,<mdl,<mdl,,
2/03/2011 5:00,<mdl,2.014,0.386,0.223,1.213,0.212,<mdl,<mdl,0.149,0.331,<mdl,<mdl,0.192,<mdl,0.185,<mdl,<mdl,<mdl,0.148,<mdl,<mdl,<mdl,<mdl,,
2/03/2011 6:00,<mdl,1.589,0.074,0.094,<mdl,<mdl,<mdl,<mdl,<mdl,<mdl,<mdl,<mdl,<mdl,<mdl,0.144,<mdl,<mdl,<mdl,0.107,<mdl,<mdl,<mdl,<mdl,,
2/03/2011 7:00,<mdl,1.892,0.544,0.117,1.386,0.458,0.151,0.315,0.237,0.256,<mdl,<mdl,0.351,<mdl,0.324,<mdl,<mdl,<mdl,0.538,<mdl,0.328,0.120,<mdl,,
2/03/2011 8:00,<mdl,2.078,0.889,0.092,2.155,0.584,0.156,0.418,0.321,0.307,<mdl,<mdl,0.193,<mdl,0.362,<mdl,<mdl,<mdl,0.691,<mdl,0.442,0.187,<mdl,,
2/03/2011 9:00,1.575,2.097,0.676,0.082,1.757,0.453,<mdl,0.234,0.323,0.306,<mdl,<mdl,0.563,<mdl,0.270,0.182,<mdl,<mdl,0.596,<mdl,0.386,0.117,<mdl,,
2/03/2011 10:00,3.076,<mdl,<mdl,<mdl,<mdl,0.184,<mdl,<mdl,<mdl,<mdl,<mdl,<mdl,<mdl,<mdl,0.123,0.202,<mdl,<mdl,0.237,<mdl,0.150,<mdl,<mdl,,
2/03/2011 11:00,<mdl,0.991,0.078,<mdl,<mdl,<mdl,<mdl,<mdl,<mdl,<mdl,<mdl,<mdl,<mdl,<mdl,0.172,0.207,<mdl,<mdl,0.224,<mdl,0.103,<mdl,<mdl,,
2/03/2011 12:00,<mdl,1.057,0.235,<mdl,0.509,0.198,0.189,0.120,0.194,0.340,<mdl,0.085,0.159,<mdl,0.179,0.226,<mdl,<mdl,0.371,<mdl,0.176,<mdl,<mdl,,
2/03/2011 13:00,<mdl,1.068,0.173,<mdl,0.515,0.177,<mdl,0.164,0.308,0.283,0.226,0.184,0.124,<mdl,0.163,0.153,<mdl,<mdl,0.289,<mdl,0.106,<mdl,<mdl,,
2/03/2011 14:00,<mdl,1.030,0.204,0.061,0.913,0.185,<mdl,0.162,0.301,0.569,0.293,0.220,0.252,<mdl,0.153,0.718,<mdl,<mdl,0.381,<mdl,0.253,<mdl,<mdl,,
2/03/2011 18:00,7.114,1.025,0.239,0.128,0.578,<mdl,0.320,0.644,0.272,0.338,0.289,0.086,0.091,<mdl,0.176,0.194,<mdl,<mdl,0.324,<mdl,0.174,<mdl,<mdl,,
2/03/2011 19:00,<mdl,2.199,0.544,0.166,1.462,0.269,0.217,0.419,0.228,0.292,0.214,<mdl,0.083,<mdl,0.186,0.959,<mdl,<mdl,0.252,<mdl,0.140,<mdl,0.610,,
2/03/2011 20:00,<mdl,1.970,0.270,0.135,0.541,0.330,0.223,0.342,0.142,<mdl,<mdl,<mdl,<mdl,<mdl,0.151,<mdl,<mdl,<mdl,0.159,<mdl,<mdl,<mdl,<mdl,,
2/03/2011 21:00,<mdl,1.642,0.194,0.137,0.408,0.267,0.140,0.321,0.196,<mdl,<mdl,<mdl,<mdl,<mdl,0.159,<mdl,<mdl,<mdl,0.188,<mdl,<mdl,<mdl,<mdl,,
2/03/2011 22:00,<mdl,1.742,0.311,0.151,0.607,0.256,0.164,0.610,0.322,0.143,<mdl,<mdl,0.058,<mdl,0.214,<mdl,<mdl,<mdl,0.297,<mdl,0.139,<mdl,<mdl,,
3/03/2011 11:00,4.212,4.486,0.635,0.241,3.058,0.908,0.458,0.434,1.268,1.218,1.096,0.545,0.507,0.118,0.318,0.265,0.073,0.106,0.853,0.115,0.535,0.190,<mdl,,
3/03/2011 12:00,5.429,5.077,0.686,0.121,3.134,0.900,0.463,0.273,1.375,1.191,1.372,0.857,0.384,0.135,0.262,0.203,0.090,0.101,0.392,<mdl,0.293,<mdl,<mdl,,
3/03/2011 13:00,6.669,4.789,0.769,0.122,3.109,0.756,0.395,0.348,1.004,1.282,2.005,1.307,0.434,0.177,0.197,0.280,0.103,0.099,0.698,<mdl,0.234,<mdl,<mdl,,
3/03/2011 14:00,7.455,4.623,0.959,0.097,2.861,0.588,0.428,0.414,0.876,1.032,1.911,1.583,0.390,0.146,0.174,0.245,0.072,0.100,0.689,<mdl,0.167,<mdl,<mdl,,
3/03/2011 15:00,7.496,4.705,0.829,0.098,2.919,0.558,0.460,0.197,0.702,0.841,2.301,1.903,0.234,0.162,0.168,0.267,0.098,0.080,0.198,<mdl,<mdl,<mdl,<mdl,,
3/03/2011 17:00,7.574,5.878,0.897,0.131,5.169,2.036,1.095,0.525,2.800,1.941,1.413,0.751,0.730,0.227,0.536,0.360,0.128,0.213,0.886,<mdl,0.583,0.277,<mdl,,
3/03/2011 21:00,10.457,1.707,0.667,0.103,2.490,0.383,0.661,0.426,0.669,0.633,0.170,<mdl,0.422,<mdl,0.289,<mdl,0.074,<mdl,0.270,<mdl,0.308,<mdl,<mdl,,
3/03/2011 22:00,<mdl,2.356,1.139,0.106,3.488,0.642,0.534,0.459,0.654,0.555,<mdl,<mdl,0.108,<mdl,0.187,<mdl,<mdl,<mdl,0.306,<mdl,0.189,0.109,<mdl,,
4/03/2011 0:00,1.705,1.985,0.163,0.066,0.745,0.189,0.314,0.174,0.536,0.320,<mdl,<mdl,<mdl,<mdl,0.157,<mdl,<mdl,<mdl,<mdl,<mdl,0.102,<mdl,<mdl,,
4/03/2011 3:00,<mdl,3.554,0.389,0.077,1.354,0.573,0.330,0.527,1.014,0.357,0.197,<mdl,0.141,<mdl,0.273,0.454,0.073,0.068,0.697,<mdl,0.472,0.169,0.545,,
4/03/2011 4:00,<mdl,3.950,0.601,0.100,1.515,0.970,0.290,0.595,1.401,0.312,0.316,0.131,0.234,0.057,0.383,0.880,0.100,0.072,1.343,<mdl,0.680,0.335,0.854,,
4/03/2011 5:00,<mdl,3.831,0.790,0.467,1.895,1.097,0.211,0.826,1.435,0.276,0.379,0.150,0.263,<mdl,0.532,1.165,0.140,0.067,1.772,<mdl,0.895,0.460,1.193,,
4/03/2011 6:00,1.700,3.966,1.012,0.253,2.367,1.252,0.234,1.044,1.440,0.375,0.593,0.243,0.287,<mdl,0.819,1.431,0.197,0.069,2.235,0.143,1.190,0.599,1.365,,
4/03/2011 7:00,2.464,4.031,1.237,0.209,3.015,1.746,0.419,1.161,1.698,0.603,0.813,0.328,0.357,0.061,1.027,1.524,0.210,0.090,2.712,0.156,1.485,0.745,1.270,,
4/03/2011 8:00,3.049,4.387,1.669,0.264,4.030,2.456,0.647,1.586,2.066,0.810,0.975,0.368,0.439,0.064,1.075,1.441,0.237,0.122,3.027,0.200,1.803,0.879,1.090,,
4/03/2011 11:00,3.001,3.835,0.193,0.192,1.773,0.587,0.758,<mdl,0.872,0.816,0.734,0.375,0.130,0.089,0.143,<mdl,<mdl,<mdl,<mdl,<mdl,<mdl,0.121,<mdl,,
4/03/2011 12:00,3.962,4.459,0.247,0.112,2.460,0.677,0.702,0.165,0.960,0.944,1.045,0.517,0.150,0.129,0.162,<mdl,<mdl,<mdl,0.109,<mdl,<mdl,<mdl,<mdl,,
4/03/2011 13:00,4.753,4.587,0.273,0.124,2.564,0.655,0.730,0.251,1.130,1.085,0.646,0.313,0.255,0.108,0.168,<mdl,<mdl,<mdl,0.193,<mdl,<mdl,<mdl,<mdl,,
4/03/2011 14:00,5.785,4.712,0.238,0.135,2.874,0.717,0.738,0.214,1.425,1.272,0.451,0.306,0.298,0.136,0.172,0.143,<mdl,0.083,0.193,<mdl,<mdl,<mdl,<mdl,,
4/03/2011 15:00,6.319,4.222,0.361,0.148,3.380,0.849,0.758,0.222,1.241,1.375,0.954,0.810,0.274,0.199,0.216,0.204,0.084,0.117,0.185,<mdl,<mdl,<mdl,<mdl,,
4/03/2011 17:00,2.673,1.952,0.324,0.086,2.186,0.517,0.676,0.201,0.933,0.880,0.810,0.260,0.166,0.068,0.243,0.182,<mdl,<mdl,0.251,<mdl,0.304,<mdl,<mdl,,
4/03/2011 18:00,<mdl,1.598,0.303,0.098,1.695,0.485,0.444,0.233,0.644,0.629,0.364,0.113,0.202,<mdl,0.277,0.159,<mdl,<mdl,0.321,<mdl,0.209,<mdl,<mdl,,
4/03/2011 19:00,1.579,2.144,0.108,0.128,1.291,0.315,0.427,<mdl,0.773,0.712,<mdl,<mdl,0.086,<mdl,0.187,<mdl,<mdl,<mdl,0.202,<mdl,0.099,<mdl,<mdl,,
4/03/2011 20:00,<mdl,2.027,0.070,0.066,1.041,0.243,0.332,<mdl,0.640,0.622,<mdl,<mdl,<mdl,<mdl,0.171,<mdl,<mdl,<mdl,0.142,<mdl,<mdl,<mdl,<mdl,,
4/03/2011 21:00,<mdl,1.265,<mdl,0.074,0.787,0.229,0.330,<mdl,0.534,0.487,<mdl,<mdl,<mdl,<mdl,0.157,<mdl,<mdl,<mdl,0.136,<mdl,<mdl,<mdl,<mdl,,
4/03/2011 22:00,<mdl,0.911,<mdl,0.079,0.606,<mdl,0.287,<mdl,0.536,0.308,<mdl,<mdl,<mdl,<mdl,0.191,<mdl,<mdl,<mdl,0.116,0.208,<mdl,<mdl,<mdl,,
5/03/2011 4:00,7.210,<mdl,0.101,0.060,0.795,<mdl,0.456,<mdl,0.262,0.485,<mdl,<mdl,<mdl,<mdl,0.118,<mdl,<mdl,<mdl,<mdl,<mdl,<mdl,<mdl,<mdl,,
5/03/2011 5:00,<mdl,1.680,0.138,0.259,0.815,<mdl,0.250,0.131,0.196,0.552,<mdl,<mdl,<mdl,<mdl,0.120,<mdl,<mdl,<mdl,<mdl,<mdl,<mdl,<mdl,<mdl,,
5/03/2011 6:00,<mdl,1.298,0.129,0.124,0.691,<mdl,0.236,<mdl,0.241,0.327,<mdl,<mdl,<mdl,<mdl,0.139,<mdl,<mdl,<mdl,0.097,<mdl,<mdl,<mdl,<mdl,,
5/03/2011 7:00,<mdl,1.380,0.191,0.094,1.106,0.187,0.241,<mdl,0.237,0.588,<mdl,<mdl,<mdl,<mdl,0.173,<mdl,<mdl,<mdl,0.205,<mdl,<mdl,<mdl,<mdl,,
5/03/2011 8:00,<mdl,1.152,0.075,<mdl,0.314,<mdl,0.182,<mdl,0.320,0.153,<mdl,<mdl,0.067,<mdl,0.167,<mdl,<mdl,<mdl,0.183,<mdl,<mdl,<mdl,<mdl,,
5/03/2011 9:00,<mdl,1.574,0.140,0.061,0.456,<mdl,0.233,<mdl,0.284,0.240,<mdl,<mdl,0.072,<mdl,0.173,0.146,<mdl,<mdl,0.205,<mdl,0.095,<mdl,<mdl,,
5/03/2011 11:00,<mdl,1.246,0.220,0.135,0.930,0.247,0.248,<mdl,0.435,0.341,<mdl,0.113,0.070,<mdl,0.223,<mdl,<mdl,<mdl,0.264,<mdl,0.117,<mdl,<mdl,,
5/03/2011 12:00,<mdl,1.358,0.317,0.094,0.932,0.303,0.221,0.193,0.492,0.388,0.274,<mdl,0.094,<mdl,0.265,<mdl,<mdl,<mdl,0.336,<mdl,0.202,<mdl,<mdl,,
5/03/2011 13:00,<mdl,1.117,0.275,0.066,1.089,0.349,0.288,0.169,0.507,0.482,0.309,0.121,0.100,<mdl,0.256,<mdl,<mdl,<mdl,0.391,<mdl,0.212,<mdl,<mdl,,
5/03/2011 14:00,<mdl,1.087,0.096,<mdl,0.560,0.174,0.218,<mdl,0.320,0.244,0.200,<mdl,0.075,<mdl,0.196,<mdl,<mdl,<mdl,0.123,<mdl,<mdl,<mdl,<mdl,,
5/03/2011 18:00,6.609,7.780,0.257,0.075,0.785,0.209,0.391,0.216,0.287,0.209,<mdl,<mdl,<mdl,<mdl,0.251,<mdl,<mdl,<mdl,0.229,<mdl,0.121,<mdl,<mdl,,
5/03/2011 19:00,<mdl,13.563,0.186,0.112,0.635,0.275,0.280,<mdl,0.268,0.219,<mdl,<mdl,<mdl,<mdl,0.240,<mdl,<mdl,<mdl,0.245,<mdl,0.137,<mdl,<mdl,,
5/03/2011 20:00,<mdl,1.947,0.289,0.053,0.669,0.190,0.209,0.255,0.216,0.147,<mdl,<mdl,<mdl,<mdl,0.173,<mdl,<mdl,<mdl,0.163,<mdl,<mdl,<mdl,<mdl,,
5/03/2011 21:00,<mdl,4.950,0.563,0.079,1.285,0.350,0.231,0.556,0.324,0.241,<mdl,<mdl,<mdl,<mdl,0.259,0.150,<mdl,<mdl,0.264,<mdl,0.156,<mdl,<mdl,,
5/03/2011 22:00,<mdl,0.904,0.264,<mdl,<mdl,<mdl,0.146,0.134,0.184,<mdl,<mdl,<mdl,<mdl,<mdl,0.148,<mdl,<mdl,<mdl,0.102,<mdl,<mdl,<mdl,<mdl,,
6/03/2011 4:00,7.812,2.100,0.669,0.102,1.637,0.240,0.347,0.488,0.391,0.363,<mdl,<mdl,<mdl,<mdl,0.195,<mdl,<mdl,<mdl,0.185,<mdl,0.144,<mdl,<mdl,,
6/03/2011 5:00,<mdl,3.388,0.408,0.361,0.983,0.371,0.250,0.494,0.474,0.421,<mdl,<mdl,0.068,<mdl,0.212,0.240,<mdl,<mdl,0.391,<mdl,0.187,<mdl,<mdl,,
6/03/2011 6:00,<mdl,3.511,0.435,0.127,1.255,0.591,0.189,0.411,1.013,0.485,<mdl,<mdl,0.152,<mdl,0.428,0.627,0.078,<mdl,1.461,<mdl,0.715,0.274,0.447,,
6/03/2011 7:00,1.598,2.937,0.652,0.100,1.243,0.814,0.263,1.052,1.148,0.434,0.234,0.087,0.207,<mdl,0.473,0.842,0.090,<mdl,1.341,<mdl,0.644,0.330,0.895,,
6/03/2011 8:00,2.554,3.290,0.873,0.108,1.976,1.263,0.392,0.351,0.768,0.474,0.521,0.096,0.191,<mdl,0.377,0.407,0.072,<mdl,1.086,<mdl,0.356,0.192,<mdl,,
6/03/2011 9:00,1.595,1.294,0.134,<mdl,0.296,0.193,0.138,0.273,0.197,<mdl,<mdl,<mdl,<mdl,<mdl,0.165,<mdl,<mdl,<mdl,<mdl,<mdl,<mdl,<mdl,<mdl,,
6/03/2011 11:00,2.095,1.383,0.245,0.068,0.652,0.330,0.187,0.318,0.305,<mdl,0.194,<mdl,0.060,<mdl,0.220,<mdl,<mdl,<mdl,0.110,<mdl,<mdl,<mdl,<mdl,,
6/03/2011 12:00,<mdl,1.038,0.136,<mdl,0.462,0.257,0.131,<mdl,0.270,<mdl,0.204,<mdl,<mdl,<mdl,0.241,<mdl,<mdl,<mdl,0.115,<mdl,<mdl,<mdl,<mdl,,
6/03/2011 13:00,2.302,1.126,0.166,0.053,0.481,0.275,0.154,0.125,0.276,0.158,0.195,<mdl,<mdl,<mdl,0.209,<mdl,<mdl,<mdl,0.102,<mdl,<mdl,<mdl,<mdl,,
6/03/2011 14:00,2.296,0.980,0.209,0.072,0.663,0.347,0.163,<mdl,0.285,0.153,0.175,<mdl,<mdl,<mdl,0.278,<mdl,<mdl,<mdl,0.162,<mdl,<mdl,<mdl,<mdl,,
6/03/2011 18:00,5.927,<mdl,0.062,<mdl,<mdl,<mdl,0.353,<mdl,0.262,0.178,<mdl,<mdl,<mdl,<mdl,0.144,<mdl,<mdl,<mdl,<mdl,<mdl,<mdl,<mdl,<mdl,,
6/03/2011 19:00,<mdl,1.402,0.067,0.061,<mdl,<mdl,0.209,<mdl,0.257,0.166,<mdl,<mdl,<mdl,<mdl,0.155,<mdl,<mdl,<mdl,0.126,<mdl,<mdl,<mdl,<mdl,,
6/03/2011 20:00,<mdl,1.733,0.101,0.055,0.451,0.207,0.227,0.364,0.295,0.251,<mdl,<mdl,<mdl,<mdl,0.187,<mdl,<mdl,<mdl,0.180,<mdl,0.120,<mdl,<mdl,,
6/03/2011 21:00,<mdl,2.291,0.291,0.069,0.884,0.403,0.270,0.395,0.461,0.446,<mdl,<mdl,<mdl,<mdl,0.281,0.148,<mdl,<mdl,0.452,<mdl,0.280,0.135,<mdl,,
6/03/2011 22:00,<mdl,4.046,0.364,0.070,1.351,0.539,0.282,0.420,0.686,0.859,0.175,<mdl,0.110,<mdl,0.352,0.450,<mdl,<mdl,0.788,<mdl,0.304,0.161,<mdl,,
,,,,,,,,,,,,,,,,,,,,,,,,,
